Average Time;Global Size;LocalSize
2.25854e-05;1;1
2.27594e-05;2;1
2.23875e-05;3;1
1.98865e-05;4;1
1.98221e-05;5;1
2.06923e-05;6;1
2.41947e-05;7;1
2.75874e-05;8;1
2.53892e-05;9;1
1.86443e-05;10;1
1.69969e-05;11;1
1.94645e-05;12;1
1.84631e-05;13;1
1.94311e-05;14;1
1.88184e-05;15;1
1.98317e-05;16;1
1.88231e-05;17;1
1.8394e-05;18;1
2.16413e-05;19;1
2.1112e-05;20;1
2.16055e-05;21;1
1.85633e-05;22;1
2.02489e-05;23;1
8.27074e-06;24;1
2.07067e-05;25;1
1.92428e-05;26;1
1.88088e-05;27;1
2.0206e-05;28;1
1.41621e-05;29;1
1.72353e-05;30;1
1.92928e-05;31;1
2.20227e-05;32;1
1.89161e-05;33;1
1.89519e-05;34;1
2.04253e-05;35;1
2.00462e-05;36;1
1.95098e-05;37;1
1.68967e-05;38;1
1.95861e-05;39;1
2.0206e-05;40;1
1.88708e-05;41;1
2.03753e-05;42;1
2.01654e-05;43;1
1.91689e-05;44;1
1.90926e-05;45;1
1.88255e-05;46;1
1.91689e-05;47;1
2.37179e-05;48;1
2.44856e-05;49;1
2.36487e-05;50;1
1.88541e-05;51;1
1.64533e-05;52;1
1.9424e-05;53;1
1.97411e-05;54;1
2.05469e-05;55;1
1.91593e-05;56;1
1.83964e-05;57;1
1.81127e-05;58;1
1.86539e-05;59;1
1.83415e-05;60;1
1.94764e-05;61;1
1.88541e-05;62;1
1.92952e-05;63;1
1.87731e-05;64;1
1.80244e-05;1;2
1.90592e-05;2;2
2.14887e-05;3;2
2.12979e-05;4;2
2.02036e-05;5;2
2.29096e-05;6;2
1.97268e-05;7;2
2.02298e-05;8;2
2.38085e-05;9;2
2.03156e-05;10;2
1.86729e-05;11;2
2.05803e-05;12;2
1.98269e-05;13;2
1.93024e-05;14;2
1.97101e-05;15;2
1.9834e-05;16;2
1.76215e-05;17;2
1.87516e-05;18;2
1.91975e-05;19;2
1.98007e-05;20;2
2.07734e-05;21;2
1.84417e-05;22;2
1.79911e-05;23;2
2.06709e-05;24;2
1.95432e-05;25;2
2.00248e-05;26;2
2.02608e-05;27;2
1.9629e-05;28;2
2.17533e-05;29;2
2.2471e-05;30;2
1.9784e-05;31;2
2.10786e-05;32;2
1.99461e-05;33;2
1.95384e-05;34;2
2.01464e-05;35;2
1.77908e-05;36;2
1.99747e-05;37;2
2.19727e-05;38;2
1.86586e-05;39;2
1.76668e-05;40;2
2.10714e-05;41;2
1.89018e-05;42;2
1.93954e-05;43;2
1.6818e-05;44;2
1.96838e-05;45;2
1.94073e-05;46;2
1.66392e-05;47;2
2.0237e-05;48;2
2.16246e-05;49;2
2.1801e-05;50;2
2.07782e-05;51;2
1.94144e-05;52;2
1.4894e-05;53;2
1.91474e-05;54;2
1.95479e-05;55;2
1.97887e-05;56;2
9.60588e-06;57;2
1.91808e-05;58;2
1.69444e-05;59;2
2.13814e-05;60;2
1.73831e-05;61;2
1.86682e-05;62;2
2.19107e-05;63;2
1.81413e-05;64;2
1.86396e-05;1;3
1.81603e-05;2;3
1.91045e-05;3;3
1.08504e-05;4;3
1.86086e-05;5;3
2.17366e-05;6;3
1.98913e-05;7;3
1.97649e-05;8;3
1.94311e-05;9;3
1.86157e-05;10;3
1.84989e-05;11;3
2.0051e-05;12;3
2.13647e-05;13;3
2.03729e-05;14;3
2.02274e-05;15;3
2.00343e-05;16;3
1.87492e-05;17;3
2.22611e-05;18;3
2.06184e-05;19;3
2.05803e-05;20;3
1.27435e-05;21;3
1.90258e-05;22;3
2.06494e-05;23;3
1.94597e-05;24;3
1.86348e-05;25;3
1.88375e-05;26;3
2.04992e-05;27;3
1.89447e-05;28;3
2.03729e-05;29;3
1.99485e-05;30;3
1.96576e-05;31;3
1.97315e-05;32;3
1.83868e-05;33;3
1.91021e-05;34;3
1.98197e-05;35;3
2.0473e-05;36;3
1.82199e-05;37;3
1.93429e-05;38;3
1.8847e-05;39;3
1.9927e-05;40;3
1.9846e-05;41;3
1.8909e-05;42;3
1.87492e-05;43;3
1.89209e-05;44;3
1.95241e-05;45;3
1.9536e-05;46;3
1.87635e-05;47;3
1.91045e-05;48;3
1.83105e-05;49;3
2.03824e-05;50;3
1.863e-05;51;3
1.93691e-05;52;3
1.79291e-05;53;3
1.97458e-05;54;3
1.8878e-05;55;3
1.93501e-05;56;3
1.8971e-05;57;3
1.8816e-05;58;3
1.99342e-05;59;3
1.97387e-05;60;3
2.02441e-05;61;3
1.96767e-05;62;3
1.54233e-05;63;3
1.71518e-05;64;3
1.91307e-05;1;4
1.90496e-05;2;4
1.97101e-05;3;4
1.79148e-05;4;4
1.95003e-05;5;4
1.79839e-05;6;4
1.61386e-05;7;4
1.9629e-05;8;4
1.98245e-05;9;4
1.85227e-05;10;4
1.88684e-05;11;4
1.9722e-05;12;4
2.02894e-05;13;4
1.99199e-05;14;4
1.85657e-05;15;4
1.791e-05;16;4
1.88041e-05;17;4
1.92046e-05;18;4
1.95456e-05;19;4
1.97911e-05;20;4
2.00129e-05;21;4
1.96242e-05;22;4
1.93524e-05;23;4
1.64771e-05;24;4
1.02806e-05;25;4
1.03402e-05;26;4
1.21903e-05;27;4
1.92904e-05;28;4
2.03228e-05;29;4
1.9443e-05;30;4
1.96433e-05;31;4
2.00152e-05;32;4
1.95885e-05;33;4
1.87826e-05;34;4
1.9362e-05;35;4
2.0225e-05;36;4
2.03896e-05;37;4
2.04921e-05;38;4
1.78719e-05;39;4
1.98269e-05;40;4
1.92976e-05;41;4
2.02155e-05;42;4
1.93334e-05;43;4
1.8115e-05;44;4
1.8003e-05;45;4
1.95622e-05;46;4
2.18678e-05;47;4
1.9052e-05;48;4
2.08735e-05;49;4
1.82319e-05;50;4
1.89471e-05;51;4
2.02155e-05;52;4
1.65319e-05;53;4
2.08497e-05;54;4
1.75619e-05;55;4
1.75452e-05;56;4
1.82724e-05;57;4
1.99485e-05;58;4
2.00295e-05;59;4
1.80125e-05;60;4
1.85609e-05;61;4
1.69444e-05;62;4
2.03109e-05;63;4
2.03633e-05;64;4
1.95265e-05;1;5
2.08783e-05;2;5
2.09236e-05;3;5
1.81317e-05;4;5
1.99676e-05;5;5
1.90473e-05;6;5
2.01321e-05;7;5
1.93667e-05;8;5
1.8549e-05;9;5
2.07019e-05;10;5
2.04134e-05;11;5
1.60408e-05;12;5
2.04921e-05;13;5
1.98722e-05;14;5
2.03323e-05;15;5
1.91307e-05;16;5
1.97315e-05;17;5
2.13361e-05;18;5
2.07424e-05;19;5
1.64413e-05;20;5
2.04945e-05;21;5
1.69134e-05;22;5
2.30432e-05;23;5
1.88541e-05;24;5
2.00605e-05;25;5
1.99342e-05;26;5
1.72353e-05;27;5
2.0349e-05;28;5
1.85418e-05;29;5
1.9176e-05;30;5
1.7302e-05;31;5
1.57309e-05;32;5
1.92857e-05;33;5
2.09451e-05;34;5
1.7488e-05;35;5
2.05207e-05;36;5
2.07758e-05;37;5
1.94168e-05;38;5
1.96123e-05;39;5
1.8394e-05;40;5
1.89352e-05;41;5
1.858e-05;42;5
1.76525e-05;43;5
1.8692e-05;44;5
1.93357e-05;45;5
1.63674e-05;46;5
1.96266e-05;47;5
1.83535e-05;48;5
2.1143e-05;49;5
1.7159e-05;50;5
1.92595e-05;51;5
1.74785e-05;52;5
1.93501e-05;53;5
2.04277e-05;54;5
1.91212e-05;55;5
1.87945e-05;56;5
1.89042e-05;57;5
1.97339e-05;58;5
1.79958e-05;59;5
1.51682e-05;60;5
1.34039e-05;61;5
2.00891e-05;62;5
1.86896e-05;63;5
1.67823e-05;64;5
1.83272e-05;1;6
1.9424e-05;2;6
1.79172e-05;3;6
1.96886e-05;4;6
2.12407e-05;5;6
1.84631e-05;6;6
1.98317e-05;7;6
1.89972e-05;8;6
1.97983e-05;9;6
1.99294e-05;10;6
1.98555e-05;11;6
1.49417e-05;12;6
2.02966e-05;13;6
1.87325e-05;14;6
2.01511e-05;15;6
1.99676e-05;16;6
1.84226e-05;17;6
1.90449e-05;18;6
1.73378e-05;19;6
2.30217e-05;20;6
1.94383e-05;21;6
1.92356e-05;22;6
2.07353e-05;23;6
1.70779e-05;24;6
2.06041e-05;25;6
2.21086e-05;26;6
1.99962e-05;27;6
2.04873e-05;28;6
2.10428e-05;29;6
1.89161e-05;30;6
1.84417e-05;31;6
1.92571e-05;32;6
1.89519e-05;33;6
1.90759e-05;34;6
2.00105e-05;35;6
1.80602e-05;36;6
1.88112e-05;37;6
1.83415e-05;38;6
1.91569e-05;39;6
1.90282e-05;40;6
1.80745e-05;41;6
2.20609e-05;42;6
1.84274e-05;43;6
1.80244e-05;44;6
1.90043e-05;45;6
2.10953e-05;46;6
1.80936e-05;47;6
2.18844e-05;48;6
1.99318e-05;49;6
1.74975e-05;50;6
1.93119e-05;51;6
2.14267e-05;52;6
1.91998e-05;53;6
1.69325e-05;54;6
1.9455e-05;55;6
2.06804e-05;56;6
1.9331e-05;57;6
1.6942e-05;58;6
1.9269e-05;59;6
2.03848e-05;60;6
1.89495e-05;61;6
1.80125e-05;62;6
2.00438e-05;63;6
1.56951e-05;64;6
2.02298e-05;1;7
2.13981e-05;2;7
1.77169e-05;3;7
1.74308e-05;4;7
1.9846e-05;5;7
2.05112e-05;6;7
2.07305e-05;7;7
1.80554e-05;8;7
2.23136e-05;9;7
1.96934e-05;10;7
2.12169e-05;11;7
1.72806e-05;12;7
2.00176e-05;13;7
2.1503e-05;14;7
8.98838e-06;15;7
6.48737e-06;16;7
6.68049e-06;17;7
6.45638e-06;18;7
6.43969e-06;19;7
6.47068e-06;20;7
6.43969e-06;21;7
6.50406e-06;22;7
6.52075e-06;23;7
6.54221e-06;24;7
6.54221e-06;25;7
6.48975e-06;26;7
6.49691e-06;27;7
6.53982e-06;28;7
6.5136e-06;29;7
1.20831e-05;30;7
9.7084e-06;31;7
1.86181e-05;32;7
1.87826e-05;33;7
1.9877e-05;34;7
2.06137e-05;35;7
1.86563e-05;36;7
1.80387e-05;37;7
2.15554e-05;38;7
2.00677e-05;39;7
1.89495e-05;40;7
1.95718e-05;41;7
1.80554e-05;42;7
1.99223e-05;43;7
1.68586e-05;44;7
2.26188e-05;45;7
2.20346e-05;46;7
1.96195e-05;47;7
1.86515e-05;48;7
1.98531e-05;49;7
1.85037e-05;50;7
1.6613e-05;51;7
1.97196e-05;52;7
1.71304e-05;53;7
1.89185e-05;54;7
2.09618e-05;55;7
1.84464e-05;56;7
2.06208e-05;57;7
1.83749e-05;58;7
1.82652e-05;59;7
1.5626e-05;60;7
2.05278e-05;61;7
1.73354e-05;62;7
2.05636e-05;63;7
1.81007e-05;64;7
2.01988e-05;1;8
1.99127e-05;2;8
1.77217e-05;3;8
1.96409e-05;4;8
1.89996e-05;5;8
2.42877e-05;6;8
2.02227e-05;7;8
1.78099e-05;8;8
1.88065e-05;9;8
2.07496e-05;10;8
1.92952e-05;11;8
1.82533e-05;12;8
1.82128e-05;13;8
1.50681e-05;14;8
1.85347e-05;15;8
2.06494e-05;16;8
1.84155e-05;17;8
1.89447e-05;18;8
1.84345e-05;19;8
1.88637e-05;20;8
1.63054e-05;21;8
1.88231e-05;22;8
1.95122e-05;23;8
1.80244e-05;24;8
1.95193e-05;25;8
1.77884e-05;26;8
1.75858e-05;27;8
2.01201e-05;28;8
1.72782e-05;29;8
2.14386e-05;30;8
1.95456e-05;31;8
2.11024e-05;32;8
1.68276e-05;33;8
1.93501e-05;34;8
1.77598e-05;35;8
1.90401e-05;36;8
1.96362e-05;37;8
1.87016e-05;38;8
1.79768e-05;39;8
1.73807e-05;40;8
1.92118e-05;41;8
1.92809e-05;42;8
1.87564e-05;43;8
1.86276e-05;44;8
1.71804e-05;45;8
1.92213e-05;46;8
1.70112e-05;47;8
1.64366e-05;48;8
1.84441e-05;49;8
1.79601e-05;50;8
1.88017e-05;51;8
1.77646e-05;52;8
1.92857e-05;53;8
1.98627e-05;54;8
1.90806e-05;55;8
1.96671e-05;56;8
1.8599e-05;57;8
2.36845e-05;58;8
1.98054e-05;59;8
1.84488e-05;60;8
1.85251e-05;61;8
1.89829e-05;62;8
2.08163e-05;63;8
1.86443e-05;64;8
1.95599e-05;1;9
2.06828e-05;2;9
2.11644e-05;3;9
1.87683e-05;4;9
2.04968e-05;5;9
2.13289e-05;6;9
2.11191e-05;7;9
2.01368e-05;8;9
1.83535e-05;9;9
1.87373e-05;10;9
2.37274e-05;11;9
2.13003e-05;12;9
1.78099e-05;13;9
1.84345e-05;14;9
1.78432e-05;15;9
1.67227e-05;16;9
1.59121e-05;17;9
2.01464e-05;18;9
1.89853e-05;19;9
1.88041e-05;20;9
2.08879e-05;21;9
1.81198e-05;22;9
1.8096e-05;23;9
2.20346e-05;24;9
1.94573e-05;25;9
1.03617e-05;26;9
2.17843e-05;27;9
2.48694e-05;28;9
2.49553e-05;29;9
2.98476e-05;30;9
2.03228e-05;31;9
1.97077e-05;32;9
2.20656e-05;33;9
2.20418e-05;34;9
1.72973e-05;35;9
1.87469e-05;36;9
1.77884e-05;37;9
1.57499e-05;38;9
1.79696e-05;39;9
2.49028e-05;40;9
2.44689e-05;41;9
2.45333e-05;42;9
2.244e-05;43;9
2.44498e-05;44;9
2.02346e-05;45;9
1.78099e-05;46;9
1.69539e-05;47;9
2.03753e-05;48;9
1.85084e-05;49;9
1.73974e-05;50;9
1.92738e-05;51;9
1.9846e-05;52;9
1.87969e-05;53;9
1.68705e-05;54;9
2.09332e-05;55;9
2.13575e-05;56;9
1.84679e-05;57;9
1.85156e-05;58;9
1.87874e-05;59;9
1.87349e-05;60;9
1.89281e-05;61;9
1.97506e-05;62;9
1.80387e-05;63;9
1.9207e-05;64;9
2.02203e-05;1;10
2.05135e-05;2;10
1.84631e-05;3;10
2.15411e-05;4;10
1.8084e-05;5;10
1.73664e-05;6;10
1.82319e-05;7;10
1.99866e-05;8;10
2.14887e-05;9;10
1.78957e-05;10;10
1.82295e-05;11;10
2.05731e-05;12;10
1.7395e-05;13;10
2.03466e-05;14;10
1.90067e-05;15;10
2.09212e-05;16;10
1.96862e-05;17;10
1.72639e-05;18;10
1.22142e-05;19;10
2.26021e-05;20;10
1.94693e-05;21;10
2.08998e-05;22;10
1.85466e-05;23;10
2.0225e-05;24;10
2.06637e-05;25;10
1.96409e-05;26;10
1.9424e-05;27;10
2.06947e-05;28;10
1.84751e-05;29;10
1.8189e-05;30;10
1.80936e-05;31;10
1.75714e-05;32;10
7.38859e-06;33;10
7.35044e-06;34;10
7.43151e-06;35;10
9.74417e-06;36;10
7.45058e-06;37;10
1.09029e-05;38;10
8.75235e-06;39;10
7.35283e-06;40;10
1.18923e-05;41;10
1.1425e-05;42;10
1.66154e-05;43;10
1.6582e-05;44;10
1.26076e-05;45;10
1.18518e-05;46;10
1.50633e-05;47;10
1.69683e-05;48;10
1.29819e-05;49;10
7.44104e-06;50;10
7.34806e-06;51;10
9.17435e-06;52;10
1.40285e-05;53;10
1.67203e-05;54;10
1.6036e-05;55;10
1.77121e-05;56;10
1.54328e-05;57;10
1.46294e-05;58;10
1.44482e-05;59;10
1.5254e-05;60;10
1.37687e-05;61;10
1.38187e-05;62;10
1.39236e-05;63;10
1.38378e-05;64;10
1.45817e-05;1;11
1.3845e-05;2;11
1.37639e-05;3;11
1.45245e-05;4;11
1.36828e-05;5;11
1.48654e-05;6;11
1.3659e-05;7;11
1.63007e-05;8;11
1.56403e-05;9;11
1.60646e-05;10;11
1.47009e-05;11;11
1.14846e-05;12;11
7.1907e-06;13;11
8.54969e-06;14;11
1.52063e-05;15;11
1.53446e-05;16;11
1.70016e-05;17;11
1.66082e-05;18;11
1.56713e-05;19;11
1.42527e-05;20;11
1.43218e-05;21;11
1.44053e-05;22;11
1.59121e-05;23;11
1.50299e-05;24;11
1.41478e-05;25;11
1.5347e-05;26;11
1.54662e-05;27;11
1.50394e-05;28;11
1.51944e-05;29;11
1.55354e-05;30;11
1.55807e-05;31;11
1.50681e-05;32;11
1.53327e-05;33;11
1.49226e-05;34;11
1.45388e-05;35;11
1.51825e-05;36;11
1.54257e-05;37;11
1.54829e-05;38;11
1.50704e-05;39;11
1.36447e-05;40;11
1.52063e-05;41;11
1.52373e-05;42;11
1.50776e-05;43;11
1.58644e-05;44;11
1.48869e-05;45;11
1.49918e-05;46;11
1.44148e-05;47;11
1.53947e-05;48;11
1.49822e-05;49;11
1.56832e-05;50;11
1.5099e-05;51;11
1.4689e-05;52;11
1.12796e-05;53;11
7.18117e-06;54;11
9.52959e-06;55;11
1.09696e-05;56;11
7.30038e-06;57;11
7.34329e-06;58;11
7.61747e-06;59;11
1.01328e-05;60;11
8.63314e-06;61;11
7.23124e-06;62;11
1.85585e-05;63;11
1.73736e-05;64;11
1.76811e-05;1;12
1.71971e-05;2;12
1.41168e-05;3;12
1.44386e-05;4;12
1.50752e-05;5;12
1.51396e-05;6;12
1.61815e-05;7;12
1.53041e-05;8;12
1.51682e-05;9;12
1.49012e-05;10;12
1.48416e-05;11;12
1.56498e-05;12;12
1.53208e-05;13;12
1.40119e-05;14;12
1.38569e-05;15;12
1.61505e-05;16;12
1.5142e-05;17;12
1.4081e-05;18;12
1.61195e-05;19;12
1.43194e-05;20;12
1.52111e-05;21;12
1.54161e-05;22;12
1.53279e-05;23;12
1.65892e-05;24;12
1.40572e-05;25;12
1.50871e-05;26;12
1.52874e-05;27;12
1.58572e-05;28;12
1.46651e-05;29;12
1.46198e-05;30;12
1.45578e-05;31;12
1.52779e-05;32;12
1.51706e-05;33;12
1.55926e-05;34;12
1.46413e-05;35;12
1.6017e-05;36;12
1.57905e-05;37;12
1.52302e-05;38;12
1.53852e-05;39;12
1.42741e-05;40;12
1.38855e-05;41;12
8.67128e-06;42;12
1.49655e-05;43;12
1.54066e-05;44;12
1.51181e-05;45;12
1.52016e-05;46;12
1.47462e-05;47;12
1.51277e-05;48;12
1.63269e-05;49;12
2.16818e-05;50;12
1.66869e-05;51;12
1.51825e-05;52;12
1.47319e-05;53;12
1.42932e-05;54;12
1.44339e-05;55;12
1.42026e-05;56;12
1.49965e-05;57;12
1.51181e-05;58;12
1.58024e-05;59;12
1.4317e-05;60;12
1.30939e-05;61;12
1.4863e-05;62;12
1.54161e-05;63;12
1.48582e-05;64;12
1.64127e-05;1;13
1.76549e-05;2;13
1.41621e-05;3;13
1.56045e-05;4;13
1.53589e-05;5;13
1.44172e-05;6;13
1.41883e-05;7;13
1.54638e-05;8;13
1.45173e-05;9;13
1.46747e-05;10;13
1.48392e-05;11;13
1.52206e-05;12;13
1.43147e-05;13;13
1.30796e-05;14;13
1.75524e-05;15;13
1.63364e-05;16;13
1.34397e-05;17;13
1.38426e-05;18;13
1.29938e-05;19;13
1.61958e-05;20;13
1.56069e-05;21;13
1.51372e-05;22;13
1.61147e-05;23;13
1.42312e-05;24;13
1.57714e-05;25;13
1.51777e-05;26;13
1.58024e-05;27;13
1.5378e-05;28;13
1.51229e-05;29;13
1.52564e-05;30;13
1.57833e-05;31;13
1.37067e-05;32;13
1.44458e-05;33;13
1.49941e-05;34;13
1.49608e-05;35;13
1.50466e-05;36;13
1.55783e-05;37;13
1.49488e-05;38;13
1.52588e-05;39;13
1.49918e-05;40;13
1.51086e-05;41;13
1.43099e-05;42;13
1.53136e-05;43;13
1.56689e-05;44;13
1.53279e-05;45;13
1.3442e-05;46;13
1.52516e-05;47;13
1.66106e-05;48;13
1.69587e-05;49;13
1.73545e-05;50;13
1.76835e-05;51;13
1.7705e-05;52;13
1.70827e-05;53;13
1.74332e-05;54;13
1.76811e-05;55;13
1.73593e-05;56;13
1.75929e-05;57;13
1.68037e-05;58;13
1.71566e-05;59;13
1.75261e-05;60;13
1.80912e-05;61;13
1.68514e-05;62;13
1.73426e-05;63;13
1.77979e-05;64;13
1.75786e-05;1;14
1.81699e-05;2;14
1.67799e-05;3;14
1.75524e-05;4;14
1.69349e-05;5;14
1.79839e-05;6;14
1.92595e-05;7;14
1.54757e-05;8;14
1.47438e-05;9;14
1.06001e-05;10;14
1.3659e-05;11;14
1.49775e-05;12;14
1.50323e-05;13;14
1.40285e-05;14;14
1.5173e-05;15;14
1.62029e-05;16;14
1.45769e-05;17;14
1.73616e-05;18;14
1.71113e-05;19;14
1.70946e-05;20;14
1.76787e-05;21;14
1.75762e-05;22;14
1.7879e-05;23;14
1.67513e-05;24;14
1.82557e-05;25;14
1.90091e-05;26;14
1.89066e-05;27;14
1.88732e-05;28;14
1.95408e-05;29;14
1.95599e-05;30;14
1.86706e-05;31;14
1.95241e-05;32;14
1.8754e-05;33;14
1.78623e-05;34;14
1.75714e-05;35;14
1.72663e-05;36;14
1.71876e-05;37;14
1.85084e-05;38;14
1.9238e-05;39;14
1.78981e-05;40;14
1.78051e-05;41;14
1.78504e-05;42;14
1.87469e-05;43;14
1.77169e-05;44;14
1.7519e-05;45;14
1.70326e-05;46;14
1.75261e-05;47;14
1.97935e-05;48;14
1.82319e-05;49;14
1.84536e-05;50;14
1.79958e-05;51;14
1.7941e-05;52;14
1.73116e-05;53;14
1.75285e-05;54;14
1.71542e-05;55;14
1.69277e-05;56;14
1.82581e-05;57;14
1.94001e-05;58;14
1.00589e-05;59;14
2.01869e-05;60;14
1.94407e-05;61;14
1.94788e-05;62;14
1.8239e-05;63;14
1.92022e-05;64;14
1.53637e-05;1;15
1.42288e-05;2;15
1.93763e-05;3;15
1.96719e-05;4;15
2.10881e-05;5;15
2.06113e-05;6;15
2.11263e-05;7;15
2.12455e-05;8;15
2.141e-05;9;15
2.07305e-05;10;15
2.16174e-05;11;15
2.12193e-05;12;15
2.01964e-05;13;15
2.07114e-05;14;15
1.94311e-05;15;15
1.97029e-05;16;15
1.91188e-05;17;15
1.11437e-05;18;15
2.04086e-05;19;15
2.14171e-05;20;15
2.08306e-05;21;15
2.08044e-05;22;15
2.17295e-05;23;15
2.10428e-05;24;15
1.95432e-05;25;15
1.93262e-05;26;15
1.90163e-05;27;15
2.04468e-05;28;15
1.96075e-05;29;15
1.93977e-05;30;15
2.02918e-05;31;15
1.06978e-05;32;15
1.92904e-05;33;15
1.86801e-05;34;15
1.81627e-05;35;15
1.58548e-05;36;15
1.34397e-05;37;15
1.83487e-05;38;15
1.83845e-05;39;15
1.85704e-05;40;15
1.89948e-05;41;15
1.8301e-05;42;15
1.98221e-05;43;15
1.93882e-05;44;15
1.88279e-05;45;15
1.91736e-05;46;15
1.8661e-05;47;15
1.90258e-05;48;15
1.90043e-05;49;15
1.81746e-05;50;15
1.86849e-05;51;15
1.92595e-05;52;15
1.89757e-05;53;15
1.94263e-05;54;15
1.81723e-05;55;15
1.93858e-05;56;15
1.86276e-05;57;15
1.8754e-05;58;15
1.85132e-05;59;15
1.87302e-05;60;15
6.6216e-05;61;15
4.47011e-05;62;15
3.824e-05;63;15
3.21555e-05;64;15
2.87461e-05;1;16
2.32792e-05;2;16
2.41089e-05;3;16
2.26021e-05;4;16
2.59209e-05;5;16
2.24566e-05;6;16
2.21252e-05;7;16
2.14934e-05;8;16
2.27499e-05;9;16
2.25806e-05;10;16
2.22516e-05;11;16
2.28453e-05;12;16
2.31075e-05;13;16
2.07472e-05;14;16
2.10452e-05;15;16
2.25663e-05;16;16
2.09332e-05;17;16
2.05088e-05;18;16
2.11143e-05;19;16
2.12574e-05;20;16
2.17581e-05;21;16
2.40278e-05;22;16
2.10547e-05;23;16
2.0268e-05;24;16
2.30598e-05;25;16
2.12026e-05;26;16
2.25902e-05;27;16
2.20823e-05;28;16
2.30002e-05;29;16
2.51508e-05;30;16
2.33698e-05;31;16
2.1584e-05;32;16
2.16126e-05;33;16
2.2409e-05;34;16
2.22063e-05;35;16
2.40326e-05;36;16
2.3427e-05;37;16
2.14911e-05;38;16
2.26474e-05;39;16
2.19369e-05;40;16
2.24781e-05;41;16
2.17438e-05;42;16
2.26545e-05;43;16
2.15197e-05;44;16
2.24519e-05;45;16
2.10667e-05;46;16
2.13099e-05;47;16
2.09594e-05;48;16
2.17485e-05;49;16
1.21856e-05;50;16
2.41184e-05;51;16
2.11167e-05;52;16
2.17748e-05;53;16
2.22301e-05;54;16
2.24161e-05;55;16
2.20513e-05;56;16
2.18654e-05;57;16
2.2862e-05;58;16
2.22325e-05;59;16
2.16055e-05;60;16
2.32983e-05;61;16
2.22945e-05;62;16
2.09594e-05;63;16
2.27785e-05;64;16
2.21252e-05;1;17
2.1019e-05;2;17
2.16198e-05;3;17
2.20466e-05;4;17
2.04349e-05;5;17
2.2006e-05;6;17
2.18725e-05;7;17
2.22111e-05;8;17
2.17962e-05;9;17
2.22397e-05;10;17
2.07829e-05;11;17
2.18606e-05;12;17
2.24757e-05;13;17
2.14624e-05;14;17
2.25997e-05;15;17
2.25759e-05;16;17
2.17223e-05;17;17
2.21944e-05;18;17
2.15983e-05;19;17
2.26998e-05;20;17
2.18248e-05;21;17
2.16317e-05;22;17
2.13981e-05;23;17
2.20394e-05;24;17
2.19369e-05;25;17
2.141e-05;26;17
2.1143e-05;27;17
2.11573e-05;28;17
2.30193e-05;29;17
2.14148e-05;30;17
2.20633e-05;31;17
2.07162e-05;32;17
2.16508e-05;33;17
2.39062e-05;34;17
2.26331e-05;35;17
2.21419e-05;36;17
1.89924e-05;37;17
2.11692e-05;38;17
2.22039e-05;39;17
2.15268e-05;40;17
2.17295e-05;41;17
2.35462e-05;42;17
2.33531e-05;43;17
2.65455e-05;44;17
2.60162e-05;45;17
2.877e-05;46;17
2.41995e-05;47;17
2.19655e-05;48;17
2.14052e-05;49;17
2.16126e-05;50;17
2.21372e-05;51;17
2.08139e-05;52;17
2.22278e-05;53;17
2.22254e-05;54;17
2.05564e-05;55;17
2.31624e-05;56;17
2.04134e-05;57;17
2.09522e-05;58;17
2.2366e-05;59;17
1.37472e-05;60;17
1.72377e-05;61;17
2.42138e-05;62;17
1.5049e-05;63;17
2.07734e-05;64;17
1.88088e-05;1;18
1.70565e-05;2;18
1.6818e-05;3;18
2.00367e-05;4;18
1.58286e-05;5;18
1.52683e-05;6;18
1.7395e-05;7;18
1.64962e-05;8;18
1.65701e-05;9;18
1.75762e-05;10;18
1.89304e-05;11;18
1.88303e-05;12;18
1.92094e-05;13;18
1.73116e-05;14;18
1.83535e-05;15;18
1.95289e-05;16;18
1.76311e-05;17;18
1.80531e-05;18;18
1.72305e-05;19;18
1.75047e-05;20;18
1.9052e-05;21;18
1.90544e-05;22;18
1.85394e-05;23;18
1.64938e-05;24;18
1.69516e-05;25;18
1.63841e-05;26;18
1.91474e-05;27;18
1.8537e-05;28;18
1.54305e-05;29;18
1.66368e-05;30;18
1.83058e-05;31;18
1.81174e-05;32;18
1.93906e-05;33;18
1.82199e-05;34;18
1.9176e-05;35;18
1.76048e-05;36;18
1.61672e-05;37;18
1.7035e-05;38;18
1.82772e-05;39;18
1.6396e-05;40;18
1.71661e-05;41;18
1.59216e-05;42;18
1.68514e-05;43;18
1.61147e-05;44;18
1.79315e-05;45;18
1.67227e-05;46;18
1.683e-05;47;18
1.73759e-05;48;18
1.74475e-05;49;18
1.78552e-05;50;18
2.02799e-05;51;18
1.66559e-05;52;18
1.78552e-05;53;18
1.79839e-05;54;18
1.84321e-05;55;18
1.40309e-05;56;18
1.79338e-05;57;18
1.68133e-05;58;18
1.75142e-05;59;18
1.72377e-05;60;18
1.78528e-05;61;18
1.83487e-05;62;18
1.72806e-05;63;18
1.71947e-05;64;18
1.81937e-05;1;19
1.56522e-05;2;19
1.6818e-05;3;19
1.88518e-05;4;19
1.51658e-05;5;19
1.42717e-05;6;19
1.4205e-05;7;19
1.67298e-05;8;19
1.52922e-05;9;19
1.49488e-05;10;19
1.64461e-05;11;19
1.02711e-05;12;19
1.03831e-05;13;19
1.50061e-05;14;19
1.61171e-05;15;19
1.83988e-05;16;19
1.52469e-05;17;19
1.50108e-05;18;19
1.71137e-05;19;19
1.60241e-05;20;19
1.61552e-05;21;19
1.61433e-05;22;19
1.53661e-05;23;19
1.5316e-05;24;19
1.44243e-05;25;19
1.57881e-05;26;19
1.44768e-05;27;19
1.11079e-05;28;19
1.30439e-05;29;19
1.6017e-05;30;19
1.58596e-05;31;19
1.53136e-05;32;19
1.66059e-05;33;19
9.39131e-06;34;19
1.63031e-05;35;19
1.63698e-05;36;19
1.61171e-05;37;19
1.75619e-05;38;19
1.84965e-05;39;19
1.76907e-05;40;19
1.15728e-05;41;19
1.99366e-05;42;19
1.94931e-05;43;19
1.95527e-05;44;19
1.95909e-05;45;19
2.06757e-05;46;19
1.94192e-05;47;19
2.00105e-05;48;19
1.96958e-05;49;19
1.90997e-05;50;19
9.08375e-06;51;19
9.80854e-06;52;19
1.63388e-05;53;19
1.76907e-05;54;19
1.59144e-05;55;19
1.5769e-05;56;19
1.65558e-05;57;19
1.69992e-05;58;19
1.58095e-05;59;19
9.79662e-06;60;19
1.89829e-05;61;19
1.14012e-05;62;19
1.31273e-05;63;19
1.26243e-05;64;19
1.39403e-05;1;20
1.96791e-05;2;20
2.05374e-05;3;20
1.97077e-05;4;20
1.81079e-05;5;20
1.06812e-05;6;20
1.97887e-05;7;20
1.91879e-05;8;20
1.96695e-05;9;20
1.93357e-05;10;20
1.13678e-05;11;20
2.08664e-05;12;20
1.63078e-05;13;20
1.59717e-05;14;20
9.07421e-06;15;20
9.24349e-06;16;20
9.30786e-06;17;20
1.65105e-05;18;20
1.58525e-05;19;20
1.66106e-05;20;20
1.2424e-05;21;20
1.26767e-05;22;20
9.09805e-06;23;20
1.49608e-05;24;20
1.00398e-05;25;20
1.70612e-05;26;20
1.69897e-05;27;20
1.46627e-05;28;20
9.81331e-06;29;20
1.31249e-05;30;20
1.122e-05;31;20
1.39952e-05;32;20
1.23334e-05;33;20
1.61648e-05;34;20
1.53065e-05;35;20
1.53327e-05;36;20
1.71447e-05;37;20
1.60933e-05;38;20
1.61648e-05;39;20
1.55473e-05;40;20
1.63579e-05;41;20
1.44863e-05;42;20
1.3814e-05;43;20
1.25957e-05;44;20
1.66154e-05;45;20
1.86205e-05;46;20
1.52278e-05;47;20
7.33852e-06;48;20
7.28607e-06;49;20
7.30276e-06;50;20
7.2813e-06;51;20
7.33137e-06;52;20
7.30038e-06;53;20
7.32899e-06;54;20
1.2114e-05;55;20
1.4708e-05;56;20
2.46382e-05;57;20
1.77836e-05;58;20
2.29716e-05;59;20
1.616e-05;60;20
2.08545e-05;61;20
1.7364e-05;62;20
1.54185e-05;63;20
1.75261e-05;64;20
1.41072e-05;1;21
1.54829e-05;2;21
1.72162e-05;3;21
1.99795e-05;4;21
1.46389e-05;5;21
1.50776e-05;6;21
1.42431e-05;7;21
1.40524e-05;8;21
1.8971e-05;9;21
1.82915e-05;10;21
1.41859e-05;11;21
1.40238e-05;12;21
1.64914e-05;13;21
1.62888e-05;14;21
1.42336e-05;15;21
1.09625e-05;16;21
1.47057e-05;17;21
1.66488e-05;18;21
1.5409e-05;19;21
1.41907e-05;20;21
1.62196e-05;21;21
1.9834e-05;22;21
1.72806e-05;23;21
1.50084e-05;24;21
1.76287e-05;25;21
1.3597e-05;26;21
1.49179e-05;27;21
1.37186e-05;28;21
1.42336e-05;29;21
1.66821e-05;30;21
1.94335e-05;31;21
1.57785e-05;32;21
1.45721e-05;33;21
1.81103e-05;34;21
1.48368e-05;35;21
2.47836e-05;36;21
2.39205e-05;37;21
2.15983e-05;38;21
2.26641e-05;39;21
3.08585e-05;40;21
2.70271e-05;41;21
2.39825e-05;42;21
2.44689e-05;43;21
2.5177e-05;44;21
2.09212e-05;45;21
2.12026e-05;46;21
2.10309e-05;47;21
2.13289e-05;48;21
2.04277e-05;49;21
2.32744e-05;50;21
2.03514e-05;51;21
2.17342e-05;52;21
2.2552e-05;53;21
2.12097e-05;54;21
2.26188e-05;55;21
2.40684e-05;56;21
2.22588e-05;57;21
1.92237e-05;58;21
2.21038e-05;59;21
2.24614e-05;60;21
2.35772e-05;61;21
2.13861e-05;62;21
2.36702e-05;63;21
2.28763e-05;64;21
2.09665e-05;1;22
2.06447e-05;2;22
2.26378e-05;3;22
2.15769e-05;4;22
2.16866e-05;5;22
2.17056e-05;6;22
2.41446e-05;7;22
2.25806e-05;8;22
2.23756e-05;9;22
2.17819e-05;10;22
2.20895e-05;11;22
2.31838e-05;12;22
2.18463e-05;13;22
2.12455e-05;14;22
2.4538e-05;15;22
2.22516e-05;16;22
2.15244e-05;17;22
2.28739e-05;18;22
2.1975e-05;19;22
2.17342e-05;20;22
2.16651e-05;21;22
2.24161e-05;22;22
2.32649e-05;23;22
2.17772e-05;24;22
2.16722e-05;25;22
2.27189e-05;26;22
2.28477e-05;27;22
2.36988e-05;28;22
2.24781e-05;29;22
2.1131e-05;30;22
2.26855e-05;31;22
2.20847e-05;32;22
2.06757e-05;33;22
2.33793e-05;34;22
2.27666e-05;35;22
2.25139e-05;36;22
2.27714e-05;37;22
2.09904e-05;38;22
2.09594e-05;39;22
2.03443e-05;40;22
2.29406e-05;41;22
2.36154e-05;42;22
2.11859e-05;43;22
2.23827e-05;44;22
2.316e-05;45;22
2.30646e-05;46;22
2.15721e-05;47;22
2.32601e-05;48;22
2.28477e-05;49;22
2.14958e-05;50;22
2.14243e-05;51;22
2.12121e-05;52;22
2.12002e-05;53;22
2.17819e-05;54;22
2.1596e-05;55;22
2.1584e-05;56;22
2.15554e-05;57;22
2.27642e-05;58;22
2.22683e-05;59;22
2.20108e-05;60;22
2.39229e-05;61;22
2.09618e-05;62;22
2.22158e-05;63;22
2.11644e-05;64;22
2.42496e-05;1;23
2.16603e-05;2;23
2.20108e-05;3;23
2.30837e-05;4;23
2.31099e-05;5;23
2.07734e-05;6;23
2.18749e-05;7;23
2.06327e-05;8;23
2.29073e-05;9;23
2.2738e-05;10;23
2.15244e-05;11;23
2.03991e-05;12;23
2.32911e-05;13;23
2.20442e-05;14;23
2.19774e-05;15;23
2.66933e-05;16;23
2.32148e-05;17;23
2.30312e-05;18;23
2.09117e-05;19;23
2.23136e-05;20;23
2.01845e-05;21;23
2.1255e-05;22;23
2.06995e-05;23;23
2.2912e-05;24;23
2.35295e-05;25;23
2.16508e-05;26;23
2.12526e-05;27;23
2.06828e-05;28;23
2.06447e-05;29;23
2.19011e-05;30;23
2.1019e-05;31;23
2.244e-05;32;23
2.34127e-05;33;23
2.05493e-05;34;23
2.12407e-05;35;23
2.20633e-05;36;23
2.31004e-05;37;23
2.22421e-05;38;23
2.31695e-05;39;23
2.29216e-05;40;23
2.13909e-05;41;23
2.12359e-05;42;23
2.13456e-05;43;23
2.21682e-05;44;23
2.24757e-05;45;23
2.16627e-05;46;23
2.21276e-05;47;23
2.24614e-05;48;23
2.2459e-05;49;23
2.02513e-05;50;23
2.27594e-05;51;23
2.22993e-05;52;23
2.16317e-05;53;23
2.17247e-05;54;23
2.06661e-05;55;23
2.29836e-05;56;23
2.20442e-05;57;23
2.08974e-05;58;23
2.08807e-05;59;23
2.20776e-05;60;23
2.24328e-05;61;23
2.16842e-05;62;23
2.1565e-05;63;23
2.13099e-05;64;23
2.39253e-05;1;24
2.23994e-05;2;24
2.65861e-05;3;24
2.22254e-05;4;24
2.22206e-05;5;24
2.0771e-05;6;24
1.9815e-05;7;24
1.84822e-05;8;24
1.81937e-05;9;24
1.99509e-05;10;24
1.90544e-05;11;24
1.89614e-05;12;24
1.93858e-05;13;24
1.7972e-05;14;24
1.91379e-05;15;24
2.01082e-05;16;24
1.76883e-05;17;24
1.88065e-05;18;24
1.84441e-05;19;24
1.89543e-05;20;24
1.78266e-05;21;24
1.58906e-05;22;24
1.75023e-05;23;24
1.7674e-05;24;24
1.76072e-05;25;24
1.75571e-05;26;24
1.79386e-05;27;24
1.61052e-05;28;24
1.87826e-05;29;24
1.79768e-05;30;24
1.86491e-05;31;24
1.66726e-05;32;24
1.88136e-05;33;24
1.82176e-05;34;24
1.74403e-05;35;24
1.75285e-05;36;24
1.9753e-05;37;24
1.7004e-05;38;24
1.65892e-05;39;24
1.80244e-05;40;24
1.55997e-05;41;24
1.92165e-05;42;24
1.8208e-05;43;24
1.62125e-05;44;24
1.77312e-05;45;24
1.46341e-05;46;24
1.8785e-05;47;24
1.7755e-05;48;24
1.80101e-05;49;24
2.06494e-05;50;24
1.7364e-05;51;24
1.5316e-05;52;24
1.6861e-05;53;24
2.01201e-05;54;24
1.7941e-05;55;24
1.67847e-05;56;24
1.95861e-05;57;24
1.92571e-05;58;24
1.5955e-05;59;24
1.77979e-05;60;24
1.6005e-05;61;24
1.71399e-05;62;24
1.67441e-05;63;24
1.67656e-05;64;24
1.70422e-05;1;25
1.79219e-05;2;25
1.69206e-05;3;25
9.3627e-06;4;25
1.8518e-05;5;25
1.74809e-05;6;25
1.94645e-05;7;25
2.0113e-05;8;25
1.80292e-05;9;25
1.86467e-05;10;25
1.90115e-05;11;25
1.71089e-05;12;25
1.78337e-05;13;25
1.79696e-05;14;25
1.83821e-05;15;25
1.93357e-05;16;25
8.01802e-06;17;25
6.32763e-06;18;25
6.3014e-06;19;25
6.25134e-06;20;25
9.71794e-06;21;25
1.75643e-05;22;25
1.81627e-05;23;25
1.80197e-05;24;25
2.11406e-05;25;25
1.90711e-05;26;25
1.90234e-05;27;25
1.90282e-05;28;25
1.99699e-05;29;25
2.0802e-05;30;25
1.77884e-05;31;25
1.87016e-05;32;25
1.58906e-05;33;25
1.66798e-05;34;25
2.02966e-05;35;25
1.9021e-05;36;25
1.67108e-05;37;25
1.94168e-05;38;25
1.86753e-05;39;25
1.88494e-05;40;25
1.77264e-05;41;25
1.75762e-05;42;25
1.83749e-05;43;25
2.54607e-05;44;25
1.88756e-05;45;25
1.99342e-05;46;25
1.85108e-05;47;25
1.83415e-05;48;25
1.95432e-05;49;25
2.64931e-05;50;25
2.02918e-05;51;25
1.8847e-05;52;25
2.10619e-05;53;25
1.92213e-05;54;25
2.09951e-05;55;25
2.08807e-05;56;25
1.94955e-05;57;25
1.899e-05;58;25
1.77741e-05;59;25
1.79911e-05;60;25
1.99413e-05;61;25
8.89301e-06;62;25
1.85919e-05;63;25
1.96457e-05;64;25
1.91903e-05;1;26
1.93787e-05;2;26
2.10214e-05;3;26
1.90711e-05;4;26
1.65439e-05;5;26
1.78051e-05;6;26
1.8537e-05;7;26
1.79148e-05;8;26
1.95003e-05;9;26
1.90187e-05;10;26
1.98984e-05;11;26
1.99866e-05;12;26
1.92714e-05;13;26
2.02441e-05;14;26
1.88875e-05;15;26
1.95813e-05;16;26
1.77193e-05;17;26
1.98197e-05;18;26
1.85657e-05;19;26
1.72305e-05;20;26
1.69063e-05;21;26
1.93191e-05;22;26
1.89257e-05;23;26
1.85847e-05;24;26
1.80721e-05;25;26
1.91545e-05;26;26
2.00319e-05;27;26
2.07114e-05;28;26
1.99294e-05;29;26
2.04277e-05;30;26
1.87993e-05;31;26
1.94836e-05;32;26
2.06447e-05;33;26
1.83225e-05;34;26
1.83249e-05;35;26
1.88351e-05;36;26
2.0628e-05;37;26
1.76334e-05;38;26
2.26903e-05;39;26
1.71041e-05;40;26
1.90258e-05;41;26
1.65558e-05;42;26
1.88875e-05;43;26
1.9834e-05;44;26
1.92046e-05;45;26
1.95789e-05;46;26
2.03633e-05;47;26
1.89257e-05;48;26
1.9927e-05;49;26
1.84584e-05;50;26
1.86491e-05;51;26
1.92213e-05;52;26
2.03657e-05;53;26
1.94407e-05;54;26
1.87445e-05;55;26
1.71852e-05;56;26
1.72186e-05;57;26
2.12932e-05;58;26
1.94716e-05;59;26
1.74022e-05;60;26
2.00725e-05;61;26
1.85823e-05;62;26
1.85752e-05;63;26
1.11246e-05;64;26
1.86682e-05;1;27
1.93477e-05;2;27
1.80006e-05;3;27
1.95718e-05;4;27
1.01995e-05;5;27
1.13487e-05;6;27
1.84202e-05;7;27
1.90115e-05;8;27
1.86777e-05;9;27
1.78003e-05;10;27
1.90353e-05;11;27
2.09594e-05;12;27
1.84417e-05;13;27
2.04587e-05;14;27
1.68443e-05;15;27
2.04301e-05;16;27
1.93143e-05;17;27
1.95193e-05;18;27
1.73759e-05;19;27
1.97601e-05;20;27
1.91593e-05;21;27
2.13385e-05;22;27
2.17223e-05;23;27
2.002e-05;24;27
2.10524e-05;25;27
1.85919e-05;26;27
1.87254e-05;27;27
2.08688e-05;28;27
1.7426e-05;29;27
1.90663e-05;30;27
1.92761e-05;31;27
1.14083e-05;32;27
1.66249e-05;33;27
1.90592e-05;34;27
1.87826e-05;35;27
1.81198e-05;36;27
1.86515e-05;37;27
1.83296e-05;38;27
1.91331e-05;39;27
1.91379e-05;40;27
2.09832e-05;41;27
2.01154e-05;42;27
2.07639e-05;43;27
1.85919e-05;44;27
1.82986e-05;45;27
2.0442e-05;46;27
1.90997e-05;47;27
1.74594e-05;48;27
2.02394e-05;49;27
2.00748e-05;50;27
1.89137e-05;51;27
2.03943e-05;52;27
1.71351e-05;53;27
9.43184e-06;54;27
9.94444e-06;55;27
1.83439e-05;56;27
1.79982e-05;57;27
1.83082e-05;58;27
2.16031e-05;59;27
2.04682e-05;60;27
1.95122e-05;61;27
1.74212e-05;62;27
2.10738e-05;63;27
1.89805e-05;64;27
1.83773e-05;1;28
2.01559e-05;2;28
1.9567e-05;3;28
2.01774e-05;4;28
1.88589e-05;5;28
2.0175e-05;6;28
1.86539e-05;7;28
1.92976e-05;8;28
1.94764e-05;9;28
1.71256e-05;10;28
1.77097e-05;11;28
1.96934e-05;12;28
1.99461e-05;13;28
1.97864e-05;14;28
2.01201e-05;15;28
1.90663e-05;16;28
1.81651e-05;17;28
1.74904e-05;18;28
1.81794e-05;19;28
1.78838e-05;20;28
1.80078e-05;21;28
1.80316e-05;22;28
1.91593e-05;23;28
1.63984e-05;24;28
1.90282e-05;25;28
1.84536e-05;26;28
1.85108e-05;27;28
2.02608e-05;28;28
2.12431e-05;29;28
1.87111e-05;30;28
1.83582e-05;31;28
1.98674e-05;32;28
1.72305e-05;33;28
1.86205e-05;34;28
1.93644e-05;35;28
1.88589e-05;36;28
1.96671e-05;37;28
1.85943e-05;38;28
1.95408e-05;39;28
9.72986e-06;40;28
1.88661e-05;41;28
2.0082e-05;42;28
1.01352e-05;43;28
1.90568e-05;44;28
1.78933e-05;45;28
1.8611e-05;46;28
2.00486e-05;47;28
1.90711e-05;48;28
1.17588e-05;49;28
1.92904e-05;50;28
1.87397e-05;51;28
1.94597e-05;52;28
1.858e-05;53;28
1.94073e-05;54;28
1.84298e-05;55;28
1.94836e-05;56;28
1.93095e-05;57;28
2.08569e-05;58;28
2.21205e-05;59;28
1.85895e-05;60;28
1.87612e-05;61;28
1.91593e-05;62;28
1.75214e-05;63;28
2.09069e-05;64;28
2.00605e-05;1;29
2.02489e-05;2;29
1.85442e-05;3;29
1.90949e-05;4;29
1.92475e-05;5;29
1.84822e-05;6;29
1.85061e-05;7;29
2.03395e-05;8;29
1.89161e-05;9;29
2.12812e-05;10;29
1.65081e-05;11;29
1.92833e-05;12;29
2.05231e-05;13;29
1.86586e-05;14;29
1.92094e-05;15;29
2.06923e-05;16;29
1.69086e-05;17;29
2.00391e-05;18;29
2.0082e-05;19;29
1.5974e-05;20;29
2.00343e-05;21;29
1.9381e-05;22;29
1.80387e-05;23;29
1.75738e-05;24;29
1.78123e-05;25;29
1.6861e-05;26;29
1.98174e-05;27;29
1.96576e-05;28;29
1.95146e-05;29;29
2.05016e-05;30;29
1.75381e-05;31;29
1.60289e-05;32;29
2.05016e-05;33;29
1.97673e-05;34;29
1.59454e-05;35;29
1.79935e-05;36;29
1.87802e-05;37;29
1.94693e-05;38;29
1.74618e-05;39;29
2.03562e-05;40;29
1.92642e-05;41;29
2.0678e-05;42;29
2.04539e-05;43;29
1.79791e-05;44;29
2.14481e-05;45;29
1.76573e-05;46;29
1.81413e-05;47;29
1.89447e-05;48;29
1.96123e-05;49;29
1.93739e-05;50;29
1.89257e-05;51;29
1.86372e-05;52;29
1.91355e-05;53;29
1.84989e-05;54;29
1.76668e-05;55;29
2.1348e-05;56;29
1.95456e-05;57;29
2.08187e-05;58;29
1.77646e-05;59;29
1.99842e-05;60;29
1.9331e-05;61;29
1.8661e-05;62;29
1.82676e-05;63;29
1.93596e-05;64;29
1.82676e-05;1;30
2.03109e-05;2;30
1.96338e-05;3;30
1.62864e-05;4;30
1.98674e-05;5;30
2.1255e-05;6;30
2.02322e-05;7;30
1.70827e-05;8;30
2.09379e-05;9;30
1.89829e-05;10;30
1.88065e-05;11;30
2.11167e-05;12;30
1.89328e-05;13;30
1.87969e-05;14;30
1.76501e-05;15;30
1.91355e-05;16;30
2.00796e-05;17;30
1.88422e-05;18;30
1.8959e-05;19;30
1.91283e-05;20;30
1.86872e-05;21;30
1.90091e-05;22;30
2.17605e-05;23;30
1.96362e-05;24;30
1.76525e-05;25;30
1.9474e-05;26;30
1.79172e-05;27;30
1.90663e-05;28;30
1.6849e-05;29;30
1.80578e-05;30;30
2.0473e-05;31;30
1.75047e-05;32;30
1.90711e-05;33;30
2.01964e-05;34;30
1.95122e-05;35;30
1.75953e-05;36;30
2.10118e-05;37;30
1.80149e-05;38;30
1.8971e-05;39;30
1.96528e-05;40;30
2.04492e-05;41;30
2.01654e-05;42;30
1.94311e-05;43;30
1.94073e-05;44;30
1.92833e-05;45;30
2.00796e-05;46;30
1.97554e-05;47;30
1.99986e-05;48;30
1.9455e-05;49;30
1.65272e-05;50;30
2.06089e-05;51;30
1.91808e-05;52;30
1.9567e-05;53;30
1.77741e-05;54;30
1.93071e-05;55;30
1.96385e-05;56;30
1.95456e-05;57;30
2.08855e-05;58;30
1.88112e-05;59;30
2.04539e-05;60;30
1.66988e-05;61;30
1.0879e-05;62;30
1.74236e-05;63;30
2.06494e-05;64;30
1.73378e-05;1;31
1.83368e-05;2;31
1.75047e-05;3;31
2.02394e-05;4;31
8.9407e-06;5;31
6.43015e-06;6;31
6.48022e-06;7;31
6.85215e-06;8;31
6.43015e-06;9;31
6.44922e-06;10;31
6.48737e-06;11;31
6.4683e-06;12;31
8.16345e-06;13;31
1.65939e-05;14;31
1.82557e-05;15;31
1.76382e-05;16;31
2.08044e-05;17;31
1.66845e-05;18;31
2.11048e-05;19;31
1.6799e-05;20;31
1.87898e-05;21;31
1.79911e-05;22;31
1.78671e-05;23;31
1.68467e-05;24;31
1.88708e-05;25;31
2.02084e-05;26;31
1.99723e-05;27;31
1.84989e-05;28;31
1.97077e-05;29;31
1.98054e-05;30;31
1.98269e-05;31;31
1.87564e-05;32;31
1.93119e-05;33;31
1.70875e-05;34;31
1.82486e-05;35;31
1.57714e-05;36;31
1.85847e-05;37;31
1.96266e-05;38;31
1.85943e-05;39;31
1.75309e-05;40;31
1.54161e-05;41;31
2.24161e-05;42;31
1.94931e-05;43;31
1.77765e-05;44;31
1.87421e-05;45;31
1.82438e-05;46;31
1.97697e-05;47;31
1.84655e-05;48;31
1.95241e-05;49;31
9.30071e-06;50;31
6.29663e-06;51;31
6.66857e-06;52;31
6.43253e-06;53;31
6.41108e-06;54;31
6.4826e-06;55;31
6.40631e-06;56;31
6.41823e-06;57;31
6.43015e-06;58;31
1.36805e-05;59;31
1.85728e-05;60;31
1.97029e-05;61;31
1.77503e-05;62;31
1.97363e-05;63;31
1.89686e-05;64;31
1.791e-05;1;32
1.83368e-05;2;32
1.92189e-05;3;32
1.9474e-05;4;32
2.09737e-05;5;32
1.99461e-05;6;32
1.83272e-05;7;32
1.36876e-05;8;32
1.37782e-05;9;32
2.02775e-05;10;32
2.22874e-05;11;32
2.06184e-05;12;32
2.16722e-05;13;32
2.03705e-05;14;32
2.09665e-05;15;32
1.22523e-05;16;32
1.27172e-05;17;32
2.02346e-05;18;32
2.01201e-05;19;32
1.95718e-05;20;32
2.0752e-05;21;32
1.97196e-05;22;32
2.03514e-05;23;32
1.75977e-05;24;32
1.81437e-05;25;32
2.01678e-05;26;32
1.77121e-05;27;32
1.98078e-05;28;32
1.91021e-05;29;32
1.91355e-05;30;32
1.70588e-05;31;32
1.83058e-05;32;32
1.93048e-05;33;32
2.01869e-05;34;32
1.98674e-05;35;32
2.27642e-05;36;32
1.84894e-05;37;32
1.97506e-05;38;32
1.96195e-05;39;32
2.07067e-05;40;32
1.96791e-05;41;32
2.08712e-05;42;32
1.9784e-05;43;32
1.88231e-05;44;32
2.10142e-05;45;32
1.27578e-05;46;32
9.40561e-06;47;32
6.27995e-06;48;32
6.29902e-06;49;32
6.36101e-06;50;32
6.39915e-06;51;32
6.41108e-06;52;32
6.43969e-06;53;32
6.64949e-06;54;32
6.38485e-06;55;32
6.38962e-06;56;32
6.37531e-06;57;32
8.49962e-06;58;32
1.19686e-05;59;32
1.80674e-05;60;32
1.858e-05;61;32
1.93357e-05;62;32
1.81866e-05;63;32
1.94693e-05;64;32
2.02751e-05;1;33
1.95527e-05;2;33
2.07615e-05;3;33
1.8189e-05;4;33
1.84584e-05;5;33
1.90306e-05;6;33
1.89614e-05;7;33
1.69277e-05;8;33
1.93524e-05;9;33
1.88875e-05;10;33
2.05803e-05;11;33
1.8239e-05;12;33
1.40786e-05;13;33
1.6253e-05;14;33
1.93e-05;15;33
2.09641e-05;16;33
2.45953e-05;17;33
2.1441e-05;18;33
1.63102e-05;19;33
1.98221e-05;20;33
1.82629e-05;21;33
1.76358e-05;22;33
1.87206e-05;23;33
1.98722e-05;24;33
1.71089e-05;25;33
1.70398e-05;26;33
2.17271e-05;27;33
2.00701e-05;28;33
1.72281e-05;29;33
1.95742e-05;30;33
1.95813e-05;31;33
2.04134e-05;32;33
2.06184e-05;33;33
1.12915e-05;34;33
1.94764e-05;35;33
1.9753e-05;36;33
2.02632e-05;37;33
2.06184e-05;38;33
1.79291e-05;39;33
2.03395e-05;40;33
1.9331e-05;41;33
1.791e-05;42;33
2.01654e-05;43;33
2.00009e-05;44;33
1.93095e-05;45;33
1.9083e-05;46;33
2.00438e-05;47;33
1.7345e-05;48;33
1.22404e-05;49;33
1.57499e-05;50;33
1.89662e-05;51;33
1.79696e-05;52;33
1.97983e-05;53;33
1.99032e-05;54;33
1.97721e-05;55;33
1.80316e-05;56;33
2.07758e-05;57;33
1.95479e-05;58;33
2.0597e-05;59;33
1.69277e-05;60;33
1.75166e-05;61;33
1.87826e-05;62;33
2.04134e-05;63;33
1.98555e-05;64;33
1.68586e-05;1;34
9.88245e-06;2;34
1.8723e-05;3;34
1.92571e-05;4;34
1.95336e-05;5;34
1.83272e-05;6;34
1.66154e-05;7;34
1.7848e-05;8;34
1.99199e-05;9;34
2.03896e-05;10;34
2.18177e-05;11;34
2.09665e-05;12;34
1.82033e-05;13;34
2.07114e-05;14;34
1.81198e-05;15;34
2.04396e-05;16;34
2.06637e-05;17;34
1.90949e-05;18;34
1.90496e-05;19;34
1.5974e-05;20;34
2.13671e-05;21;34
2.13265e-05;22;34
1.98913e-05;23;34
1.8611e-05;24;34
1.86515e-05;25;34
2.02847e-05;26;34
2.04682e-05;27;34
2.06041e-05;28;34
1.79005e-05;29;34
2.01201e-05;30;34
1.82486e-05;31;34
1.7488e-05;32;34
1.83582e-05;33;34
1.94192e-05;34;34
1.83272e-05;35;34
1.45411e-05;36;34
1.60432e-05;37;34
1.99366e-05;38;34
2.18964e-05;39;34
1.84274e-05;40;34
1.81794e-05;41;34
8.61645e-06;42;34
6.52313e-06;43;34
1.19185e-05;44;34
2.08735e-05;45;34
1.96362e-05;46;34
1.98078e-05;47;34
1.81913e-05;48;34
1.85466e-05;49;34
1.68204e-05;50;34
1.94764e-05;51;34
2.05517e-05;52;34
1.93024e-05;53;34
1.73759e-05;54;34
2.01941e-05;55;34
1.97244e-05;56;34
2.00653e-05;57;34
2.09808e-05;58;34
2.0833e-05;59;34
2.033e-05;60;34
2.12407e-05;61;34
1.99771e-05;62;34
1.88494e-05;63;34
2.15602e-05;64;34
1.90616e-05;1;35
1.80984e-05;2;35
1.83129e-05;3;35
1.80268e-05;4;35
1.9567e-05;5;35
2.01225e-05;6;35
1.98674e-05;7;35
1.8909e-05;8;35
1.9908e-05;9;35
2.02227e-05;10;35
1.55354e-05;11;35
2.01344e-05;12;35
1.98102e-05;13;35
2.03919e-05;14;35
1.87182e-05;15;35
1.90449e-05;16;35
1.78957e-05;17;35
1.78671e-05;18;35
1.40738e-05;19;35
1.64676e-05;20;35
1.80435e-05;21;35
1.82056e-05;22;35
2.05278e-05;23;35
1.78814e-05;24;35
2.18296e-05;25;35
2.06447e-05;26;35
2.09451e-05;27;35
1.724e-05;28;35
1.89471e-05;29;35
1.59431e-05;30;35
1.69921e-05;31;35
1.7221e-05;32;35
1.90496e-05;33;35
1.78933e-05;34;35
2.05445e-05;35;35
1.89519e-05;36;35
2.07996e-05;37;35
1.95122e-05;38;35
1.89257e-05;39;35
1.62983e-05;40;35
2.02703e-05;41;35
1.72639e-05;42;35
1.78194e-05;43;35
2.01249e-05;44;35
1.66607e-05;45;35
1.86896e-05;46;35
1.7724e-05;47;35
1.98531e-05;48;35
1.79958e-05;49;35
1.67513e-05;50;35
1.92428e-05;51;35
2.26593e-05;52;35
1.87373e-05;53;35
1.92595e-05;54;35
1.93095e-05;55;35
1.9238e-05;56;35
1.84608e-05;57;35
1.98555e-05;58;35
2.02775e-05;59;35
1.9815e-05;60;35
1.95813e-05;61;35
2.01011e-05;62;35
1.74761e-05;63;35
2.02203e-05;64;35
2.1224e-05;1;36
1.863e-05;2;36
1.96981e-05;3;36
2.08902e-05;4;36
1.78337e-05;5;36
1.93667e-05;6;36
1.66798e-05;7;36
9.53674e-06;8;36
2.05398e-05;9;36
2.29049e-05;10;36
1.80745e-05;11;36
1.90997e-05;12;36
1.98483e-05;13;36
1.88589e-05;14;36
2.04897e-05;15;36
1.84989e-05;16;36
1.83678e-05;17;36
2.01464e-05;18;36
1.7693e-05;19;36
1.95503e-05;20;36
1.65653e-05;21;36
2.03466e-05;22;36
2.00725e-05;23;36
1.77622e-05;24;36
1.79887e-05;25;36
1.18113e-05;26;36
1.85156e-05;27;36
1.89781e-05;28;36
1.84298e-05;29;36
1.65105e-05;30;36
1.88279e-05;31;36
2.06113e-05;32;36
2.12622e-05;33;36
1.8146e-05;34;36
2.05207e-05;35;36
1.67537e-05;36;36
1.97077e-05;37;36
1.8487e-05;38;36
2.08282e-05;39;36
2.06518e-05;40;36
1.83702e-05;41;36
2.08068e-05;42;36
1.68085e-05;43;36
1.67918e-05;44;36
1.86324e-05;45;36
1.86157e-05;46;36
1.67418e-05;47;36
1.60789e-05;48;36
1.90353e-05;49;36
1.8599e-05;50;36
9.78708e-06;51;36
1.88661e-05;52;36
2.23994e-05;53;36
1.72043e-05;54;36
1.69897e-05;55;36
1.90759e-05;56;36
1.73473e-05;57;36
2.05755e-05;58;36
1.88184e-05;59;36
1.95956e-05;60;36
1.8723e-05;61;36
1.85609e-05;62;36
1.71804e-05;63;36
1.82104e-05;64;36
1.92547e-05;1;37
1.84202e-05;2;37
1.82843e-05;3;37
1.72091e-05;4;37
1.63507e-05;5;37
2.02465e-05;6;37
1.83892e-05;7;37
1.88398e-05;8;37
1.85561e-05;9;37
1.96886e-05;10;37
1.91069e-05;11;37
2.00272e-05;12;37
2.07567e-05;13;37
1.81127e-05;14;37
1.62935e-05;15;37
1.95289e-05;16;37
1.7314e-05;17;37
1.82676e-05;18;37
1.99962e-05;19;37
1.99533e-05;20;37
2.01321e-05;21;37
2.06876e-05;22;37
1.97077e-05;23;37
2.0299e-05;24;37
1.91236e-05;25;37
1.9083e-05;26;37
1.65558e-05;27;37
1.94168e-05;28;37
2.08426e-05;29;37
1.71685e-05;30;37
2.00772e-05;31;37
1.86133e-05;32;37
1.99652e-05;33;37
1.75166e-05;34;37
2.12836e-05;35;37
1.70135e-05;36;37
2.04158e-05;37;37
1.59192e-05;38;37
1.72067e-05;39;37
1.93143e-05;40;37
2.03085e-05;41;37
2.06089e-05;42;37
1.84464e-05;43;37
2.12908e-05;44;37
2.14624e-05;45;37
2.02131e-05;46;37
1.77741e-05;47;37
1.67394e-05;48;37
1.75238e-05;49;37
1.84631e-05;50;37
1.83129e-05;51;37
1.2095e-05;52;37
1.6427e-05;53;37
1.66321e-05;54;37
7.43151e-06;55;37
6.83784e-06;56;37
6.56843e-06;57;37
6.53982e-06;58;37
6.5589e-06;59;37
6.58035e-06;60;37
6.51121e-06;61;37
6.5732e-06;62;37
6.54221e-06;63;37
6.58035e-06;64;37
1.20616e-05;1;38
1.91903e-05;2;38
1.62935e-05;3;38
2.09403e-05;4;38
1.92714e-05;5;38
1.95193e-05;6;38
2.00415e-05;7;38
1.68586e-05;8;38
1.73354e-05;9;38
1.97053e-05;10;38
1.81627e-05;11;38
2.03514e-05;12;38
1.89805e-05;13;38
1.74499e-05;14;38
2.01154e-05;15;38
1.92785e-05;16;38
1.97244e-05;17;38
1.77741e-05;18;38
1.95146e-05;19;38
1.97458e-05;20;38
1.95932e-05;21;38
1.69158e-05;22;38
9.22918e-06;23;38
1.81746e-05;24;38
2.05421e-05;25;38
1.93167e-05;26;38
1.90258e-05;27;38
2.01058e-05;28;38
1.9536e-05;29;38
1.88661e-05;30;38
1.95265e-05;31;38
1.86992e-05;32;38
1.82772e-05;33;38
1.85776e-05;34;38
1.8971e-05;35;38
1.76883e-05;36;38
1.7705e-05;37;38
1.86563e-05;38;38
1.91879e-05;39;38
2.05493e-05;40;38
2.05159e-05;41;38
1.73616e-05;42;38
2.03228e-05;43;38
1.90353e-05;44;38
1.69301e-05;45;38
2.08879e-05;46;38
1.88708e-05;47;38
1.82581e-05;48;38
1.59526e-05;49;38
1.92142e-05;50;38
1.88518e-05;51;38
1.87087e-05;52;38
2.03466e-05;53;38
2.07686e-05;54;38
1.91402e-05;55;38
1.79696e-05;56;38
1.8394e-05;57;38
2.12646e-05;58;38
1.69659e-05;59;38
1.74785e-05;60;38
1.88708e-05;61;38
1.83892e-05;62;38
1.78719e-05;63;38
1.8239e-05;64;38
1.27506e-05;1;39
1.95765e-05;2;39
1.51014e-05;3;39
1.95074e-05;4;39
1.98555e-05;5;39
1.97601e-05;6;39
1.87302e-05;7;39
1.90187e-05;8;39
1.8301e-05;9;39
2.20799e-05;10;39
1.43528e-05;11;39
1.90139e-05;12;39
1.77479e-05;13;39
1.97601e-05;14;39
1.9474e-05;15;39
2.01726e-05;16;39
1.91998e-05;17;39
1.81675e-05;18;39
1.68252e-05;19;39
1.68347e-05;20;39
1.72091e-05;21;39
2.01941e-05;22;39
1.90639e-05;23;39
1.94407e-05;24;39
1.84155e-05;25;39
1.88327e-05;26;39
1.98007e-05;27;39
1.83678e-05;28;39
1.99914e-05;29;39
1.18065e-05;30;39
1.82772e-05;31;39
1.82319e-05;32;39
1.91045e-05;33;39
1.85633e-05;34;39
1.62864e-05;35;39
1.88875e-05;36;39
2.069e-05;37;39
1.74332e-05;38;39
1.7426e-05;39;39
1.92881e-05;40;39
6.54221e-06;41;39
6.50883e-06;42;39
6.51598e-06;43;39
6.50883e-06;44;39
6.50883e-06;45;39
6.47068e-06;46;39
6.46114e-06;47;39
8.64267e-06;48;39
1.83058e-05;49;39
2.10905e-05;50;39
2.1565e-05;51;39
1.81031e-05;52;39
2.00415e-05;53;39
2.00629e-05;54;39
1.90425e-05;55;39
1.79935e-05;56;39
1.90353e-05;57;39
1.97864e-05;58;39
1.77908e-05;59;39
1.77503e-05;60;39
2.03371e-05;61;39
1.93691e-05;62;39
1.73092e-05;63;39
2.03252e-05;64;39
1.83678e-05;1;40
1.6818e-05;2;40
2.01488e-05;3;40
1.83415e-05;4;40
2.19584e-05;5;40
1.94645e-05;6;40
2.06566e-05;7;40
1.91355e-05;8;40
1.89781e-05;9;40
1.79577e-05;10;40
1.94407e-05;11;40
1.70779e-05;12;40
2.10142e-05;13;40
1.84393e-05;14;40
1.85108e-05;15;40
1.85513e-05;16;40
1.77622e-05;17;40
1.59979e-05;18;40
2.16794e-05;19;40
1.7004e-05;20;40
1.89519e-05;21;40
1.92308e-05;22;40
1.94979e-05;23;40
2.06637e-05;24;40
1.65296e-05;25;40
2.06161e-05;26;40
1.64461e-05;27;40
1.72782e-05;28;40
1.74975e-05;29;40
1.98102e-05;30;40
1.98078e-05;31;40
2.10357e-05;32;40
1.94764e-05;33;40
1.8816e-05;34;40
1.89495e-05;35;40
1.90616e-05;36;40
1.85919e-05;37;40
1.79791e-05;38;40
1.7817e-05;39;40
1.96195e-05;40;40
1.97482e-05;41;40
1.9083e-05;42;40
2.08068e-05;43;40
1.92451e-05;44;40
1.90306e-05;45;40
1.93143e-05;46;40
1.9486e-05;47;40
1.99056e-05;48;40
1.8754e-05;49;40
1.77932e-05;50;40
1.82295e-05;51;40
1.84059e-05;52;40
1.95313e-05;53;40
2.04277e-05;54;40
2.00272e-05;55;40
1.97649e-05;56;40
1.81437e-05;57;40
1.72567e-05;58;40
1.83535e-05;59;40
1.4689e-05;60;40
1.88541e-05;61;40
1.93e-05;62;40
1.08123e-05;63;40
2.12049e-05;64;40
1.67751e-05;1;41
1.66655e-05;2;41
1.53947e-05;3;41
1.48487e-05;4;41
1.55091e-05;5;41
1.48654e-05;6;41
1.42312e-05;7;41
1.49441e-05;8;41
1.4143e-05;9;41
1.5254e-05;10;41
1.50871e-05;11;41
1.47915e-05;12;41
1.49155e-05;13;41
1.4832e-05;14;41
1.48296e-05;15;41
1.49679e-05;16;41
1.44792e-05;17;41
1.41191e-05;18;41
1.5285e-05;19;41
1.47963e-05;20;41
1.54591e-05;21;41
1.61695e-05;22;41
1.65486e-05;23;41
1.54948e-05;24;41
1.67465e-05;25;41
1.6067e-05;26;41
1.56498e-05;27;41
1.55139e-05;28;41
1.17946e-05;29;41
1.64533e-05;30;41
9.56297e-06;31;41
9.67503e-06;32;41
9.07183e-06;33;41
1.61409e-05;34;41
1.19185e-05;35;41
1.42336e-05;36;41
1.61314e-05;37;41
1.67227e-05;38;41
1.52111e-05;39;41
1.62983e-05;40;41
1.53637e-05;41;41
1.5862e-05;42;41
1.57332e-05;43;41
1.60742e-05;44;41
1.61767e-05;45;41
1.38307e-05;46;41
1.76477e-05;47;41
1.54471e-05;48;41
1.34063e-05;49;41
1.64819e-05;50;41
1.55163e-05;51;41
9.24587e-06;52;41
1.40929e-05;53;41
1.74427e-05;54;41
1.70588e-05;55;41
1.70135e-05;56;41
1.66702e-05;57;41
1.57094e-05;58;41
1.27912e-05;59;41
6.93321e-06;60;41
6.94752e-06;61;41
6.95229e-06;62;41
8.111e-06;63;41
1.69826e-05;64;41
1.54757e-05;1;42
1.59717e-05;2;42
1.69563e-05;3;42
1.6861e-05;4;42
1.42813e-05;5;42
1.42527e-05;6;42
1.57523e-05;7;42
1.49202e-05;8;42
1.53685e-05;9;42
1.38736e-05;10;42
1.42503e-05;11;42
1.38021e-05;12;42
1.49655e-05;13;42
1.44887e-05;14;42
1.40309e-05;15;42
1.48988e-05;16;42
1.48916e-05;17;42
1.53685e-05;18;42
1.51539e-05;19;42
1.35946e-05;20;42
1.52779e-05;21;42
1.4832e-05;22;42
1.48845e-05;23;42
1.45125e-05;24;42
1.43623e-05;25;42
1.49512e-05;26;42
1.35136e-05;27;42
1.4112e-05;28;42
1.51396e-05;29;42
1.36828e-05;30;42
1.40381e-05;31;42
1.46842e-05;32;42
1.52087e-05;33;42
1.39213e-05;34;42
1.43552e-05;35;42
1.48392e-05;36;42
1.40977e-05;37;42
1.37019e-05;38;42
1.39832e-05;39;42
1.43552e-05;40;42
1.40691e-05;41;42
1.27864e-05;42;42
1.3237e-05;43;42
1.37401e-05;44;42
1.50394e-05;45;42
1.46222e-05;46;42
1.4329e-05;47;42
1.50061e-05;48;42
1.54877e-05;49;42
1.65915e-05;50;42
1.30892e-05;51;42
1.2536e-05;52;42
1.60742e-05;53;42
1.17826e-05;54;42
1.5192e-05;55;42
9.13143e-06;56;42
1.50323e-05;57;42
1.05619e-05;58;42
1.64461e-05;59;42
1.58405e-05;60;42
1.65319e-05;61;42
1.60813e-05;62;42
1.04237e-05;63;42
1.42288e-05;64;42
1.1251e-05;1;43
1.61958e-05;2;43
9.49144e-06;3;43
8.08001e-06;4;43
1.00207e-05;5;43
1.56474e-05;6;43
1.46699e-05;7;43
9.95636e-06;8;43
1.25051e-05;9;43
1.54042e-05;10;43
1.55115e-05;11;43
1.46842e-05;12;43
1.42503e-05;13;43
1.31226e-05;14;43
1.40285e-05;15;43
1.63126e-05;16;43
2.00009e-05;17;43
1.9486e-05;18;43
7.22885e-06;19;43
7.12156e-06;20;43
7.16209e-06;21;43
7.17402e-06;22;43
1.405e-05;23;43
1.69182e-05;24;43
1.62315e-05;25;43
1.5142e-05;26;43
1.38474e-05;27;43
1.01304e-05;28;43
1.57833e-05;29;43
1.53875e-05;30;43
9.70125e-06;31;43
1.67394e-05;32;43
1.53995e-05;33;43
1.4565e-05;34;43
1.51801e-05;35;43
1.67465e-05;36;43
1.50132e-05;37;43
1.52135e-05;38;43
1.50418e-05;39;43
1.47247e-05;40;43
1.5316e-05;41;43
1.62196e-05;42;43
2.19107e-05;43;43
1.9784e-05;44;43
1.95456e-05;45;43
2.09093e-05;46;43
1.99294e-05;47;43
1.87278e-05;48;43
1.97124e-05;49;43
1.92165e-05;50;43
1.966e-05;51;43
1.9536e-05;52;43
1.91784e-05;53;43
1.85871e-05;54;43
1.9176e-05;55;43
1.98507e-05;56;43
1.93119e-05;57;43
1.92761e-05;58;43
1.96052e-05;59;43
1.99795e-05;60;43
1.92976e-05;61;43
1.97721e-05;62;43
1.97625e-05;63;43
1.92761e-05;64;43
2.20966e-05;1;44
1.89614e-05;2;44
1.93858e-05;3;44
1.97482e-05;4;44
1.92022e-05;5;44
1.93357e-05;6;44
1.90687e-05;7;44
1.83105e-05;8;44
1.89304e-05;9;44
1.87421e-05;10;44
1.94454e-05;11;44
1.84631e-05;12;44
1.94144e-05;13;44
1.85943e-05;14;44
1.94502e-05;15;44
1.89757e-05;16;44
1.87445e-05;17;44
1.91164e-05;18;44
1.92809e-05;19;44
2.01797e-05;20;44
1.97744e-05;21;44
1.92595e-05;22;44
1.92451e-05;23;44
1.90878e-05;24;44
1.94025e-05;25;44
1.93834e-05;26;44
1.87802e-05;27;44
1.96147e-05;28;44
1.82819e-05;29;44
1.95956e-05;30;44
1.9474e-05;31;44
1.93763e-05;32;44
1.86181e-05;33;44
1.88375e-05;34;44
1.96481e-05;35;44
1.85323e-05;36;44
1.88303e-05;37;44
1.89567e-05;38;44
1.83606e-05;39;44
1.8754e-05;40;44
1.92547e-05;41;44
1.9002e-05;42;44
1.83773e-05;43;44
1.98698e-05;44;44
1.92022e-05;45;44
2.14195e-05;46;44
1.8959e-05;47;44
1.8754e-05;48;44
1.96934e-05;49;44
1.95408e-05;50;44
1.87111e-05;51;44
1.85347e-05;52;44
1.88661e-05;53;44
1.93548e-05;54;44
2.08521e-05;55;44
1.95956e-05;56;44
1.91498e-05;57;44
1.98603e-05;58;44
1.87254e-05;59;44
1.86443e-05;60;44
1.97721e-05;61;44
1.86944e-05;62;44
1.94407e-05;63;44
1.89757e-05;64;44
1.94979e-05;1;45
1.95265e-05;2;45
1.94192e-05;3;45
1.98483e-05;4;45
1.92595e-05;5;45
1.84631e-05;6;45
1.94645e-05;7;45
1.86586e-05;8;45
1.89328e-05;9;45
1.8959e-05;10;45
1.90902e-05;11;45
1.88041e-05;12;45
1.90973e-05;13;45
1.96528e-05;14;45
1.95003e-05;15;45
1.98555e-05;16;45
1.88422e-05;17;45
1.88255e-05;18;45
1.91474e-05;19;45
1.88684e-05;20;45
1.90234e-05;21;45
1.85847e-05;22;45
1.90401e-05;23;45
1.87445e-05;24;45
1.87778e-05;25;45
1.8487e-05;26;45
1.88375e-05;27;45
2.18725e-05;28;45
1.91832e-05;29;45
2.01559e-05;30;45
2.13718e-05;31;45
1.94526e-05;32;45
2.06494e-05;33;45
2.0225e-05;34;45
2.78091e-05;35;45
2.04349e-05;36;45
2.06041e-05;37;45
1.41597e-05;38;45
1.72353e-05;39;45
2.01035e-05;40;45
2.04277e-05;41;45
2.12526e-05;42;45
2.10595e-05;43;45
2.10333e-05;44;45
1.97101e-05;45;45
2.01321e-05;46;45
2.03657e-05;47;45
2.13385e-05;48;45
1.15609e-05;49;45
2.04206e-05;50;45
2.23303e-05;51;45
2.19226e-05;52;45
2.21086e-05;53;45
2.25139e-05;54;45
2.20084e-05;55;45
1.03593e-05;56;45
2.17628e-05;57;45
2.19345e-05;58;45
2.14672e-05;59;45
2.22039e-05;60;45
2.16508e-05;61;45
2.16556e-05;62;45
2.20513e-05;63;45
2.18868e-05;64;45
2.1863e-05;1;46
2.13861e-05;2;46
2.21157e-05;3;46
2.06947e-05;4;46
2.20656e-05;5;46
2.08282e-05;6;46
2.16699e-05;7;46
2.08521e-05;8;46
2.22063e-05;9;46
2.18678e-05;10;46
2.27642e-05;11;46
2.17271e-05;12;46
2.16007e-05;13;46
2.1534e-05;14;46
2.1472e-05;15;46
2.17915e-05;16;46
2.18511e-05;17;46
2.20323e-05;18;46
2.12097e-05;19;46
2.19393e-05;20;46
2.1863e-05;21;46
2.15149e-05;22;46
2.30241e-05;23;46
2.18105e-05;24;46
1.0798e-05;25;46
2.25639e-05;26;46
2.24519e-05;27;46
2.22945e-05;28;46
2.32124e-05;29;46
2.22945e-05;30;46
2.25687e-05;31;46
2.19178e-05;32;46
2.01249e-05;33;46
1.83535e-05;34;46
1.77503e-05;35;46
1.74165e-05;36;46
1.64628e-05;37;46
1.87445e-05;38;46
1.80745e-05;39;46
1.83082e-05;40;46
1.69325e-05;41;46
1.89686e-05;42;46
1.83821e-05;43;46
1.68681e-05;44;46
1.80459e-05;45;46
1.60384e-05;46;46
1.74618e-05;47;46
1.68037e-05;48;46
1.70517e-05;49;46
1.80507e-05;50;46
1.85609e-05;51;46
1.74475e-05;52;46
1.77407e-05;53;46
1.71518e-05;54;46
1.64771e-05;55;46
1.80316e-05;56;46
1.63341e-05;57;46
1.74475e-05;58;46
1.63531e-05;59;46
1.67727e-05;60;46
1.79386e-05;61;46
1.74284e-05;62;46
1.72997e-05;63;46
1.69897e-05;64;46
1.75071e-05;1;47
1.74928e-05;2;47
1.68967e-05;3;47
1.63579e-05;4;47
1.69754e-05;5;47
1.82009e-05;6;47
1.70422e-05;7;47
1.77026e-05;8;47
1.73235e-05;9;47
1.68276e-05;10;47
1.5626e-05;11;47
1.79434e-05;12;47
1.65296e-05;13;47
1.75548e-05;14;47
1.68538e-05;15;47
1.69635e-05;16;47
1.7252e-05;17;47
1.81746e-05;18;47
1.8239e-05;19;47
1.66154e-05;20;47
1.68657e-05;21;47
1.65963e-05;22;47
1.76334e-05;23;47
1.67847e-05;24;47
1.77836e-05;25;47
1.77598e-05;26;47
1.77884e-05;27;47
1.70732e-05;28;47
1.75667e-05;29;47
1.74546e-05;30;47
1.77526e-05;31;47
1.7364e-05;32;47
1.74689e-05;33;47
1.73211e-05;34;47
1.71208e-05;35;47
1.6706e-05;36;47
1.79958e-05;37;47
1.73545e-05;38;47
1.83606e-05;39;47
1.68467e-05;40;47
9.46045e-06;41;47
1.90234e-05;42;47
1.74928e-05;43;47
1.65057e-05;44;47
1.15371e-05;45;47
1.82819e-05;46;47
1.77789e-05;47;47
1.78504e-05;48;47
1.74475e-05;49;47
1.70708e-05;50;47
1.68061e-05;51;47
1.69325e-05;52;47
1.78742e-05;53;47
1.86539e-05;54;47
1.80697e-05;55;47
1.69683e-05;56;47
1.75858e-05;57;47
1.72043e-05;58;47
1.80984e-05;59;47
1.76597e-05;60;47
1.75595e-05;61;47
1.81437e-05;62;47
1.77455e-05;63;47
1.67584e-05;64;47
1.7283e-05;1;48
1.80817e-05;2;48
1.59383e-05;3;48
1.72639e-05;4;48
1.78266e-05;5;48
1.84202e-05;6;48
1.7035e-05;7;48
1.82819e-05;8;48
1.67632e-05;9;48
1.79291e-05;10;48
1.64247e-05;11;48
1.63174e-05;12;48
1.7066e-05;13;48
1.71781e-05;14;48
1.66202e-05;15;48
1.57237e-05;16;48
1.652e-05;17;48
1.84774e-05;18;48
1.7097e-05;19;48
1.79148e-05;20;48
1.78289e-05;21;48
1.78933e-05;22;48
1.76096e-05;23;48
1.63484e-05;24;48
1.65129e-05;25;48
1.62292e-05;26;48
1.73759e-05;27;48
1.75905e-05;28;48
1.71328e-05;29;48
1.56927e-05;30;48
1.7004e-05;31;48
1.69587e-05;32;48
1.59621e-05;33;48
1.76597e-05;34;48
1.70732e-05;35;48
1.81198e-05;36;48
1.70755e-05;37;48
1.76692e-05;38;48
1.75118e-05;39;48
1.82462e-05;40;48
1.66583e-05;41;48
1.80149e-05;42;48
1.58906e-05;43;48
1.68562e-05;44;48
1.71685e-05;45;48
1.82748e-05;46;48
1.75643e-05;47;48
1.82629e-05;48;48
1.79195e-05;49;48
1.82247e-05;50;48
1.791e-05;51;48
1.65224e-05;52;48
1.69992e-05;53;48
1.69325e-05;54;48
1.77717e-05;55;48
1.64938e-05;56;48
1.80888e-05;57;48
9.90391e-06;58;48
1.80745e-05;59;48
1.76668e-05;60;48
1.81746e-05;61;48
1.56426e-05;62;48
1.63698e-05;63;48
9.4676e-06;64;48
1.68133e-05;1;49
1.61505e-05;2;49
1.70088e-05;3;49
1.83582e-05;4;49
1.73187e-05;5;49
1.62148e-05;6;49
1.75357e-05;7;49
1.71161e-05;8;49
1.64318e-05;9;49
1.67918e-05;10;49
1.78576e-05;11;49
1.68586e-05;12;49
1.84989e-05;13;49
1.72615e-05;14;49
1.74737e-05;15;49
1.79935e-05;16;49
1.62077e-05;17;49
1.73187e-05;18;49
1.62816e-05;19;49
1.80507e-05;20;49
1.74904e-05;21;49
1.68037e-05;22;49
1.65391e-05;23;49
1.73306e-05;24;49
1.76096e-05;25;49
1.79935e-05;26;49
1.80316e-05;27;49
1.84345e-05;28;49
1.82557e-05;29;49
1.73116e-05;30;49
1.75977e-05;31;49
1.72377e-05;32;49
1.76191e-05;33;49
1.61672e-05;34;49
1.66917e-05;35;49
1.69849e-05;36;49
1.90115e-05;37;49
1.61052e-05;38;49
1.75977e-05;39;49
1.77598e-05;40;49
1.66035e-05;41;49
1.76311e-05;42;49
1.69754e-05;43;49
1.65963e-05;44;49
1.63913e-05;45;49
1.8661e-05;46;49
1.75357e-05;47;49
1.69516e-05;48;49
1.69301e-05;49;49
1.78671e-05;50;49
1.69516e-05;51;49
1.6551e-05;52;49
1.65009e-05;53;49
1.65963e-05;54;49
1.65892e-05;55;49
1.78528e-05;56;49
1.75977e-05;57;49
1.74022e-05;58;49
1.78766e-05;59;49
1.81532e-05;60;49
1.60098e-05;61;49
1.6191e-05;62;49
1.71661e-05;63;49
1.72329e-05;64;49
1.8394e-05;1;50
1.83463e-05;2;50
1.82891e-05;3;50
1.63817e-05;4;50
1.64866e-05;5;50
1.73497e-05;6;50
1.7972e-05;7;50
1.80364e-05;8;50
1.77693e-05;9;50
1.8878e-05;10;50
1.76048e-05;11;50
1.83201e-05;12;50
1.71995e-05;13;50
1.77073e-05;14;50
1.51372e-05;15;50
1.57142e-05;16;50
1.70994e-05;17;50
1.70755e-05;18;50
1.66917e-05;19;50
1.79029e-05;20;50
1.84917e-05;21;50
1.78552e-05;22;50
1.66345e-05;23;50
1.67513e-05;24;50
1.65153e-05;25;50
1.75953e-05;26;50
1.82319e-05;27;50
1.80554e-05;28;50
1.83606e-05;29;50
1.69778e-05;30;50
1.69539e-05;31;50
1.69754e-05;32;50
1.82319e-05;33;50
1.80197e-05;34;50
1.7767e-05;35;50
1.64413e-05;36;50
1.80316e-05;37;50
1.90783e-05;38;50
1.70684e-05;39;50
1.80602e-05;40;50
1.79434e-05;41;50
1.74212e-05;42;50
1.73903e-05;43;50
1.6799e-05;44;50
1.60861e-05;45;50
1.67489e-05;46;50
1.63889e-05;47;50
1.87302e-05;48;50
1.74069e-05;49;50
1.70588e-05;50;50
1.70159e-05;51;50
1.71232e-05;52;50
1.71208e-05;53;50
1.297e-05;54;50
1.42241e-05;55;50
1.63722e-05;56;50
1.88303e-05;57;50
1.75142e-05;58;50
1.61529e-05;59;50
1.73521e-05;60;50
1.68061e-05;61;50
1.80554e-05;62;50
1.8096e-05;63;50
1.755e-05;64;50
1.69873e-05;1;51
1.70708e-05;2;51
1.84011e-05;3;51
1.6644e-05;4;51
1.67823e-05;5;51
1.69802e-05;6;51
1.86229e-05;7;51
1.67155e-05;8;51
1.69992e-05;9;51
1.63412e-05;10;51
1.75691e-05;11;51
1.74165e-05;12;51
1.71423e-05;13;51
1.89972e-05;14;51
1.791e-05;15;51
1.85418e-05;16;51
1.88017e-05;17;51
1.86467e-05;18;51
1.72329e-05;19;51
1.56951e-05;20;51
1.8878e-05;21;51
1.71709e-05;22;51
1.64533e-05;23;51
1.73306e-05;24;51
1.79505e-05;25;51
1.71375e-05;26;51
1.98889e-05;27;51
2.03609e-05;28;51
1.74856e-05;29;51
1.75524e-05;30;51
1.61338e-05;31;51
1.87969e-05;32;51
1.85585e-05;33;51
1.60003e-05;34;51
1.84226e-05;35;51
1.86753e-05;36;51
1.89972e-05;37;51
1.87445e-05;38;51
1.95765e-05;39;51
1.65868e-05;40;51
1.91283e-05;41;51
1.87755e-05;42;51
1.80531e-05;43;51
1.6818e-05;44;51
1.94454e-05;45;51
1.9877e-05;46;51
2.11501e-05;47;51
1.8611e-05;48;51
1.8568e-05;49;51
1.91426e-05;50;51
1.71351e-05;51;51
1.96886e-05;52;51
2.02513e-05;53;51
2.07591e-05;54;51
1.89447e-05;55;51
1.78623e-05;56;51
1.99628e-05;57;51
1.81127e-05;58;51
2.02155e-05;59;51
1.88756e-05;60;51
1.75333e-05;61;51
2.05827e-05;62;51
2.11072e-05;63;51
1.78194e-05;64;51
1.83249e-05;1;52
1.13463e-05;2;52
6.47306e-06;3;52
1.04809e-05;4;52
8.34227e-06;5;52
1.86253e-05;6;52
1.97244e-05;7;52
1.70088e-05;8;52
2.00295e-05;9;52
1.87111e-05;10;52
1.67298e-05;11;52
1.97792e-05;12;52
2.01201e-05;13;52
1.84894e-05;14;52
2.08497e-05;15;52
1.88184e-05;16;52
1.472e-05;17;52
1.85061e-05;18;52
2.07758e-05;19;52
1.84512e-05;20;52
1.79172e-05;21;52
1.80674e-05;22;52
1.95003e-05;23;52
2.07424e-05;24;52
2.13456e-05;25;52
1.92285e-05;26;52
1.81389e-05;27;52
1.95718e-05;28;52
1.83678e-05;29;52
2.12646e-05;30;52
1.9834e-05;31;52
2.16055e-05;32;52
2.04039e-05;33;52
1.76525e-05;34;52
1.96505e-05;35;52
1.75977e-05;36;52
1.80578e-05;37;52
2.15173e-05;38;52
1.92952e-05;39;52
1.88327e-05;40;52
1.78552e-05;41;52
2.0299e-05;42;52
1.96314e-05;43;52
2.00534e-05;44;52
2.01917e-05;45;52
1.14393e-05;46;52
6.68287e-06;47;52
6.31809e-06;48;52
6.34909e-06;49;52
6.38247e-06;50;52
8.81433e-06;51;52
1.78766e-05;52;52
1.86682e-05;53;52
1.61529e-05;54;52
1.55854e-05;55;52
1.77407e-05;56;52
1.80531e-05;57;52
1.96028e-05;58;52
1.94502e-05;59;52
1.99366e-05;60;52
2.00558e-05;61;52
1.82986e-05;62;52
1.74427e-05;63;52
1.77979e-05;64;52
1.83749e-05;1;53
1.88899e-05;2;53
2.09236e-05;3;53
2.01464e-05;4;53
1.74975e-05;5;53
1.78552e-05;6;53
2.033e-05;7;53
1.87755e-05;8;53
1.81746e-05;9;53
1.98221e-05;10;53
9.37939e-06;11;53
2.03061e-05;12;53
1.88947e-05;13;53
1.77741e-05;14;53
1.84441e-05;15;53
1.75214e-05;16;53
2.06065e-05;17;53
1.71018e-05;18;53
1.87063e-05;19;53
1.75858e-05;20;53
1.88565e-05;21;53
1.88351e-05;22;53
1.81985e-05;23;53
1.93548e-05;24;53
1.99699e-05;25;53
1.82223e-05;26;53
1.8549e-05;27;53
1.79434e-05;28;53
1.67847e-05;29;53
2.03657e-05;30;53
1.57309e-05;31;53
1.89304e-05;32;53
1.82271e-05;33;53
1.64843e-05;34;53
1.73092e-05;35;53
1.97077e-05;36;53
1.90663e-05;37;53
1.81103e-05;38;53
1.85418e-05;39;53
1.95193e-05;40;53
1.60527e-05;41;53
1.61695e-05;42;53
1.65105e-05;43;53
2.00796e-05;44;53
1.72234e-05;45;53
1.80459e-05;46;53
1.99151e-05;47;53
1.82056e-05;48;53
1.755e-05;49;53
1.88375e-05;50;53
1.71328e-05;51;53
1.84274e-05;52;53
2.03824e-05;53;53
1.89447e-05;54;53
2.03013e-05;55;53
1.90997e-05;56;53
1.89972e-05;57;53
2.1503e-05;58;53
1.89471e-05;59;53
2.04158e-05;60;53
1.81866e-05;61;53
1.58596e-05;62;53
2.08139e-05;63;53
1.77908e-05;64;53
2.04134e-05;1;54
1.83368e-05;2;54
1.58072e-05;3;54
2.10953e-05;4;54
1.86777e-05;5;54
1.84727e-05;6;54
1.01233e-05;7;54
1.82152e-05;8;54
1.93143e-05;9;54
1.966e-05;10;54
1.60718e-05;11;54
1.62673e-05;12;54
1.8878e-05;13;54
1.85585e-05;14;54
2.06327e-05;15;54
1.80483e-05;16;54
1.8909e-05;17;54
1.86849e-05;18;54
1.84655e-05;19;54
1.9331e-05;20;54
1.78123e-05;21;54
1.93e-05;22;54
1.83177e-05;23;54
1.8549e-05;24;54
2.02775e-05;25;54
1.87755e-05;26;54
2.00367e-05;27;54
1.76597e-05;28;54
1.92714e-05;29;54
1.72329e-05;30;54
2.05493e-05;31;54
2.04587e-05;32;54
2.02894e-05;33;54
1.93e-05;34;54
2.0802e-05;35;54
2.00796e-05;36;54
2.11191e-05;37;54
1.67871e-05;38;54
1.65439e-05;39;54
1.84321e-05;40;54
1.67394e-05;41;54
1.79577e-05;42;54
1.61219e-05;43;54
1.59764e-05;44;54
1.91069e-05;45;54
1.70374e-05;46;54
2.00033e-05;47;54
1.99533e-05;48;54
2.30336e-05;49;54
2.074e-05;50;54
1.97959e-05;51;54
1.59311e-05;52;54
2.00176e-05;53;54
1.93667e-05;54;54
2.0287e-05;55;54
1.71661e-05;56;54
1.89257e-05;57;54
1.88994e-05;58;54
1.98698e-05;59;54
1.96409e-05;60;54
1.69802e-05;61;54
1.96385e-05;62;54
1.91164e-05;63;54
1.82652e-05;64;54
1.76454e-05;1;55
2.00534e-05;2;55
1.5161e-05;3;55
2.08068e-05;4;55
1.73283e-05;5;55
1.78838e-05;6;55
1.84774e-05;7;55
2.02131e-05;8;55
1.8034e-05;9;55
1.76787e-05;10;55
1.49846e-05;11;55
1.62435e-05;12;55
1.89662e-05;13;55
1.81627e-05;14;55
1.93095e-05;15;55
1.96242e-05;16;55
1.87325e-05;17;55
1.7736e-05;18;55
1.89948e-05;19;55
1.96028e-05;20;55
2.03729e-05;21;55
1.92523e-05;22;55
1.87159e-05;23;55
1.67894e-05;24;55
1.96528e-05;25;55
9.23634e-06;26;55
2.03896e-05;27;55
1.93191e-05;28;55
2.15864e-05;29;55
1.89543e-05;30;55
1.65629e-05;31;55
2.03848e-05;32;55
1.97315e-05;33;55
2.07114e-05;34;55
2.08187e-05;35;55
1.79243e-05;36;55
1.99461e-05;37;55
2.03156e-05;38;55
1.88589e-05;39;55
1.83606e-05;40;55
1.86086e-05;41;55
1.78337e-05;42;55
1.84655e-05;43;55
2.29239e-05;44;55
1.75095e-05;45;55
1.82629e-05;46;55
1.83749e-05;47;55
2.19274e-05;48;55
1.9722e-05;49;55
1.82533e-05;50;55
1.86396e-05;51;55
1.37544e-05;52;55
1.54543e-05;53;55
1.81818e-05;54;55
2.0988e-05;55;55
1.7786e-05;56;55
1.83439e-05;57;55
1.83439e-05;58;55
1.88255e-05;59;55
1.76835e-05;60;55
1.91736e-05;61;55
1.97601e-05;62;55
1.80292e-05;63;55
1.89352e-05;64;55
1.99151e-05;1;56
1.75428e-05;2;56
1.86014e-05;3;56
1.80435e-05;4;56
1.84321e-05;5;56
2.00462e-05;6;56
1.70231e-05;7;56
1.7879e-05;8;56
1.66178e-05;9;56
2.06399e-05;10;56
1.62745e-05;11;56
1.92857e-05;12;56
1.8425e-05;13;56
1.71256e-05;14;56
1.75953e-05;15;56
1.88065e-05;16;56
1.68371e-05;17;56
2.06065e-05;18;56
1.92785e-05;19;56
1.57571e-05;20;56
2.10714e-05;21;56
1.88565e-05;22;56
1.93644e-05;23;56
1.81317e-05;24;56
1.77908e-05;25;56
1.95479e-05;26;56
1.62816e-05;27;56
1.87254e-05;28;56
1.37782e-05;29;56
1.02997e-05;30;56
1.87612e-05;31;56
1.75762e-05;32;56
2.14744e-05;33;56
1.85108e-05;34;56
2.03395e-05;35;56
1.78432e-05;36;56
1.93214e-05;37;56
2.05064e-05;38;56
1.95384e-05;39;56
1.90616e-05;40;56
2.03848e-05;41;56
1.96576e-05;42;56
1.76644e-05;43;56
2.00415e-05;44;56
1.93405e-05;45;56
1.01495e-05;46;56
1.9958e-05;47;56
1.88208e-05;48;56
1.87993e-05;49;56
1.92809e-05;50;56
1.86443e-05;51;56
1.07813e-05;52;56
2.13146e-05;53;56
1.87588e-05;54;56
1.85418e-05;55;56
1.76835e-05;56;56
2.09475e-05;57;56
1.966e-05;58;56
2.06685e-05;59;56
1.78552e-05;60;56
1.85466e-05;61;56
1.93739e-05;62;56
1.96004e-05;63;56
1.97434e-05;64;56
1.75428e-05;1;57
1.72114e-05;2;57
2.0225e-05;3;57
2.07472e-05;4;57
1.69826e-05;5;57
1.54114e-05;6;57
1.80173e-05;7;57
1.92904e-05;8;57
1.76573e-05;9;57
1.82486e-05;10;57
1.86515e-05;11;57
1.8158e-05;12;57
2.00057e-05;13;57
1.69325e-05;14;57
1.79195e-05;15;57
1.81341e-05;16;57
1.78504e-05;17;57
1.96552e-05;18;57
1.95408e-05;19;57
1.89304e-05;20;57
1.85728e-05;21;57
1.9393e-05;22;57
1.6818e-05;23;57
1.77383e-05;24;57
1.84774e-05;25;57
1.85108e-05;26;57
1.87516e-05;27;57
2.04229e-05;28;57
1.80435e-05;29;57
1.94645e-05;30;57
1.827e-05;31;57
1.85728e-05;32;57
1.87778e-05;33;57
2.00319e-05;34;57
1.98412e-05;35;57
1.92118e-05;36;57
1.95432e-05;37;57
2.15459e-05;38;57
1.79291e-05;39;57
1.77932e-05;40;57
1.73092e-05;41;57
1.719e-05;42;57
1.85227e-05;43;57
1.70279e-05;44;57
1.72734e-05;45;57
2.08092e-05;46;57
1.84011e-05;47;57
2.02441e-05;48;57
1.91045e-05;49;57
1.92523e-05;50;57
1.827e-05;51;57
1.75858e-05;52;57
1.99676e-05;53;57
2.07973e-05;54;57
1.8487e-05;55;57
2.08497e-05;56;57
1.69349e-05;57;57
2.07806e-05;58;57
1.75142e-05;59;57
1.84608e-05;60;57
1.7252e-05;61;57
1.91522e-05;62;57
2.02775e-05;63;57
1.96505e-05;64;57
2.00152e-05;1;58
2.20275e-05;2;58
1.81866e-05;3;58
1.89042e-05;4;58
2.0268e-05;5;58
1.96147e-05;6;58
1.80578e-05;7;58
1.616e-05;8;58
2.00582e-05;9;58
1.96481e-05;10;58
1.863e-05;11;58
1.89853e-05;12;58
1.76907e-05;13;58
1.72782e-05;14;58
2.09165e-05;15;58
1.91331e-05;16;58
1.96552e-05;17;58
1.97506e-05;18;58
2.06614e-05;19;58
1.7941e-05;20;58
1.70493e-05;21;58
1.7693e-05;22;58
1.8394e-05;23;58
1.80078e-05;24;58
1.9424e-05;25;58
1.69897e-05;26;58
1.92618e-05;27;58
1.80459e-05;28;58
1.87016e-05;29;58
1.70445e-05;30;58
2.03371e-05;31;58
1.85895e-05;32;58
1.57857e-05;33;58
1.22833e-05;34;58
1.7674e-05;35;58
1.89471e-05;36;58
2.0287e-05;37;58
1.83845e-05;38;58
1.93357e-05;39;58
1.93167e-05;40;58
9.41992e-06;41;58
1.80125e-05;42;58
1.94263e-05;43;58
1.90234e-05;44;58
1.8692e-05;45;58
2.16818e-05;46;58
1.51777e-05;47;58
1.6737e-05;48;58
1.65105e-05;49;58
1.90234e-05;50;58
2.01082e-05;51;58
1.90258e-05;52;58
1.60408e-05;53;58
1.9691e-05;54;58
2.26212e-05;55;58
1.92904e-05;56;58
1.88732e-05;57;58
1.90377e-05;58;58
1.93214e-05;59;58
1.95193e-05;60;58
1.688e-05;61;58
1.91522e-05;62;58
2.11358e-05;63;58
1.9691e-05;64;58
1.86038e-05;1;59
1.83702e-05;2;59
1.8394e-05;3;59
1.86872e-05;4;59
1.75452e-05;5;59
2.02847e-05;6;59
1.894e-05;7;59
2.32959e-05;8;59
1.84679e-05;9;59
1.96934e-05;10;59
1.99866e-05;11;59
1.79052e-05;12;59
1.87373e-05;13;59
2.06351e-05;14;59
2.00248e-05;15;59
2.02274e-05;16;59
8.82149e-06;17;59
1.22285e-05;18;59
2.10547e-05;19;59
1.81699e-05;20;59
1.84751e-05;21;59
1.25623e-05;22;59
1.95813e-05;23;59
1.77217e-05;24;59
1.80769e-05;25;59
1.15967e-05;26;59
1.90258e-05;27;59
1.71375e-05;28;59
1.94383e-05;29;59
2.05207e-05;30;59
1.79291e-05;31;59
1.80411e-05;32;59
1.87111e-05;33;59
2.02394e-05;34;59
2.04253e-05;35;59
1.7848e-05;36;59
1.88422e-05;37;59
1.87635e-05;38;59
1.86849e-05;39;59
1.91641e-05;40;59
1.75405e-05;41;59
1.94049e-05;42;59
1.69826e-05;43;59
2.07233e-05;44;59
1.97482e-05;45;59
1.90115e-05;46;59
2.06685e-05;47;59
1.79267e-05;48;59
1.92881e-05;49;59
1.87397e-05;50;59
2.16579e-05;51;59
2.12097e-05;52;59
1.899e-05;53;59
1.92571e-05;54;59
2.00438e-05;55;59
1.9629e-05;56;59
1.9567e-05;57;59
1.94073e-05;58;59
1.33014e-05;59;59
1.50919e-05;60;59
1.98269e-05;61;59
2.00915e-05;62;59
1.88804e-05;63;59
1.99723e-05;64;59
1.76644e-05;1;60
1.78623e-05;2;60
2.05946e-05;3;60
1.98245e-05;4;60
2.13838e-05;5;60
1.9238e-05;6;60
1.86062e-05;7;60
1.91045e-05;8;60
1.68133e-05;9;60
1.91665e-05;10;60
1.89686e-05;11;60
1.85132e-05;12;60
2.03943e-05;13;60
1.90067e-05;14;60
1.62268e-05;15;60
1.88231e-05;16;60
1.90878e-05;17;60
2.01678e-05;18;60
2.18105e-05;19;60
1.82509e-05;20;60
2.00534e-05;21;60
1.544e-05;22;60
1.73616e-05;23;60
1.95885e-05;24;60
1.69182e-05;25;60
1.9021e-05;26;60
1.91021e-05;27;60
2.01392e-05;28;60
1.91832e-05;29;60
1.84917e-05;30;60
1.81055e-05;31;60
2.02036e-05;32;60
1.93834e-05;33;60
2.00057e-05;34;60
1.94311e-05;35;60
2.02823e-05;36;60
1.68514e-05;37;60
1.91712e-05;38;60
1.59717e-05;39;60
1.89137e-05;40;60
1.79577e-05;41;60
1.7767e-05;42;60
1.97291e-05;43;60
1.75548e-05;44;60
1.61409e-05;45;60
1.83392e-05;46;60
1.99938e-05;47;60
1.96123e-05;48;60
1.6098e-05;49;60
1.67394e-05;50;60
1.88828e-05;51;60
2.01321e-05;52;60
2.04206e-05;53;60
1.93095e-05;54;60
1.07789e-05;55;60
1.88303e-05;56;60
1.93548e-05;57;60
2.002e-05;58;60
1.69945e-05;59;60
2.26736e-05;60;60
1.91021e-05;61;60
1.57356e-05;62;60
1.92356e-05;63;60
1.91069e-05;64;60
1.82295e-05;1;61
1.81723e-05;2;61
9.5129e-06;3;61
2.0318e-05;4;61
1.92809e-05;5;61
2.16293e-05;6;61
1.87469e-05;7;61
2.0709e-05;8;61
2.00009e-05;9;61
1.98197e-05;10;61
1.94788e-05;11;61
1.99056e-05;12;61
1.81723e-05;13;61
1.70469e-05;14;61
1.86443e-05;15;61
1.89829e-05;16;61
1.8754e-05;17;61
1.90711e-05;18;61
2.11072e-05;19;61
1.86539e-05;20;61
2.01035e-05;21;61
1.75953e-05;22;61
1.96218e-05;23;61
1.79625e-05;24;61
7.87973e-06;25;61
6.31571e-06;26;61
1.39356e-05;27;61
1.95217e-05;28;61
1.59883e-05;29;61
2.0504e-05;30;61
1.90997e-05;31;61
1.82915e-05;32;61
1.55044e-05;33;61
1.76024e-05;34;61
1.91951e-05;35;61
1.91355e-05;36;61
1.80602e-05;37;61
2.03705e-05;38;61
1.7941e-05;39;61
1.96648e-05;40;61
1.87683e-05;41;61
1.62601e-05;42;61
2.05231e-05;43;61
2.09284e-05;44;61
1.66774e-05;45;61
1.94073e-05;46;61
1.90425e-05;47;61
1.91808e-05;48;61
1.96862e-05;49;61
2.04921e-05;50;61
1.72067e-05;51;61
1.88375e-05;52;61
2.01368e-05;53;61
1.58405e-05;54;61
1.74451e-05;55;61
1.79172e-05;56;61
1.77693e-05;57;61
1.71256e-05;58;61
2.02942e-05;59;61
1.76549e-05;60;61
2.0833e-05;61;61
1.84202e-05;62;61
2.09045e-05;63;61
1.92451e-05;64;61
2.1503e-05;1;62
1.83201e-05;2;62
1.90711e-05;3;62
1.82581e-05;4;62
1.71924e-05;5;62
1.59431e-05;6;62
1.78361e-05;7;62
1.90926e-05;8;62
1.8456e-05;9;62
1.95408e-05;10;62
2.06709e-05;11;62
1.97029e-05;12;62
1.97601e-05;13;62
1.69039e-05;14;62
1.89185e-05;15;62
1.23382e-05;16;62
1.91712e-05;17;62
1.82199e-05;18;62
1.81103e-05;19;62
1.74713e-05;20;62
1.85776e-05;21;62
1.6439e-05;22;62
1.68276e-05;23;62
2.04611e-05;24;62
1.86038e-05;25;62
2.00343e-05;26;62
1.89877e-05;27;62
2.14505e-05;28;62
1.7662e-05;29;62
1.93143e-05;30;62
1.82772e-05;31;62
1.82033e-05;32;62
1.94764e-05;33;62
1.84965e-05;34;62
1.85418e-05;35;62
1.95432e-05;36;62
1.65987e-05;37;62
1.80364e-05;38;62
1.80864e-05;39;62
2.02465e-05;40;62
1.79625e-05;41;62
2.02417e-05;42;62
2.00796e-05;43;62
1.07241e-05;44;62
1.63102e-05;45;62
1.77383e-05;46;62
2.34008e-05;47;62
1.90687e-05;48;62
1.71685e-05;49;62
1.84155e-05;50;62
1.94883e-05;51;62
2.07376e-05;52;62
1.93977e-05;53;62
1.9033e-05;54;62
1.60885e-05;55;62
2.01464e-05;56;62
1.82509e-05;57;62
1.76954e-05;58;62
9.95636e-06;59;62
1.8115e-05;60;62
1.85394e-05;61;62
1.77407e-05;62;62
2.12169e-05;63;62
1.95789e-05;64;62
1.93572e-05;1;63
2.01154e-05;2;63
1.85633e-05;3;63
1.89567e-05;4;63
1.86086e-05;5;63
2.02584e-05;6;63
1.78552e-05;7;63
1.82176e-05;8;63
1.98722e-05;9;63
1.92165e-05;10;63
1.67966e-05;11;63
1.92952e-05;12;63
1.79648e-05;13;63
2.04778e-05;14;63
1.89233e-05;15;63
1.70374e-05;16;63
1.78909e-05;17;63
1.88899e-05;18;63
2.01488e-05;19;63
1.89376e-05;20;63
1.70088e-05;21;63
1.97124e-05;22;63
1.9803e-05;23;63
1.79577e-05;24;63
2.01297e-05;25;63
2.07877e-05;26;63
1.79696e-05;27;63
1.99318e-05;28;63
1.93548e-05;29;63
1.72114e-05;30;63
1.96791e-05;31;63
1.79839e-05;32;63
1.86753e-05;33;63
1.40309e-05;34;63
2.13003e-05;35;63
1.96576e-05;36;63
1.82509e-05;37;63
1.79744e-05;38;63
1.81556e-05;39;63
2.00534e-05;40;63
2.02107e-05;41;63
1.93191e-05;42;63
2.16842e-05;43;63
1.91307e-05;44;63
1.91474e-05;45;63
1.9269e-05;46;63
1.76501e-05;47;63
1.90997e-05;48;63
1.91665e-05;49;63
1.86133e-05;50;63
1.98436e-05;51;63
1.65486e-05;52;63
1.8084e-05;53;63
1.98889e-05;54;63
1.88494e-05;55;63
1.93977e-05;56;63
2.34866e-05;57;63
1.61624e-05;58;63
2.15292e-05;59;63
2.19727e-05;60;63
1.81556e-05;61;63
2.06399e-05;62;63
1.99103e-05;63;63
1.78671e-05;64;63
2.14767e-05;1;64
1.95694e-05;2;64
2.10094e-05;3;64
1.84393e-05;4;64
2.07496e-05;5;64
1.85418e-05;6;64
1.82557e-05;7;64
1.89257e-05;8;64
1.77741e-05;9;64
1.97196e-05;10;64
1.89948e-05;11;64
1.72234e-05;12;64
1.8971e-05;13;64
1.76859e-05;14;64
1.9238e-05;15;64
2.05898e-05;16;64
1.88375e-05;17;64
2.17319e-05;18;64
1.84727e-05;19;64
2.02847e-05;20;64
2.09117e-05;21;64
1.87182e-05;22;64
1.99032e-05;23;64
2.01631e-05;24;64
1.91689e-05;25;64
1.94979e-05;26;64
1.86515e-05;27;64
1.72877e-05;28;64
2.02394e-05;29;64
1.67203e-05;30;64
1.91808e-05;31;64
1.94335e-05;32;64
1.8599e-05;33;64
1.66893e-05;34;64
2.12908e-05;35;64
1.93095e-05;36;64
1.82343e-05;37;64
1.00756e-05;38;64
1.68753e-05;39;64
1.64557e-05;40;64
1.85156e-05;41;64
1.8611e-05;42;64
1.92499e-05;43;64
1.61171e-05;44;64
1.85823e-05;45;64
1.96791e-05;46;64
2.0597e-05;47;64
2.08879e-05;48;64
1.37448e-05;49;64
1.49107e-05;50;64
1.94526e-05;51;64
2.12669e-05;52;64
1.81293e-05;53;64
1.8146e-05;54;64
1.93644e-05;55;64
1.84989e-05;56;64
1.94573e-05;57;64
2.02465e-05;58;64
1.74332e-05;59;64
2.06709e-05;60;64
1.87492e-05;61;64
1.82152e-05;62;64
2.00653e-05;63;64
2.2068e-05;64;64
